eden,MASTER,34.0
ENDYMION,MASTER,34.0
girls.exe,MASTER,34.0
vs. VIGVANGS,MASTER,34.0
リ・フィクション・O,MASTER,34.0
Elemental Creation,MASTER,34.0
Aragami,MASTER,34.0
Ultimate Force,MASTER,34.1
人生,MASTER,34.1
世界の終わりの星空で,MASTER,34.1
"(CONSTあり)* Erm, could it be a Spatiotemporal ShockWAVE Syndrome...?",MASTER
Crossmythos Rhapsodia,MASTER,34.2
Sephirah×CusteR,MASTER,34.2
真っ黒ナイト・オブ・ナイツ,MASTER,34.3
Crush the Dystopia,MASTER,34.3
Arcana Eden,MASTER,34.3
鳳,MASTER,34.3
マシンガンポエムドール,MASTER,34.3
Viyella's Scream,MASTER,34.3
Stardust:RAY,MASTER,34.3
Clockwork Paradox,INSANE,34.3
distance of -RADIAL-,MASTER,34.3
躯樹の墓守,MASTER,34.3
Pentiment,MASTER,34.4
天地遍く治めるは我が[X]VII条の神光,MASTER,34.4
Tru'nembra,MASTER,34.4
T.R.A.P.,Extreme,34.4
あかず,MASTER,34.4
Aegleseeker,Future,34.4
UFO Swingin’,MASTER,34.4
Makear,MASTER,34.4
ネクラチューンサーカス,Re:MASTER,34.4
What's up? Pop!,MASTER,34.4
Λkasha,MAXIMUM,34.4
輪廻玲々,MASTER,34.5
Never End,MASTER,34.5
生命性シンドロウム,MASTER,34.5
Amnéhilesie,MASTER,34.5
Edgelord,MASTER,34.5
Traxxendenza,MASTER,34.5
 +ERABI+E CONNEC+1ON,MASTER,34.5
DOMiNUS_GRAiL,MASTER,34.5
Re:ナイト・オブ・ナイツ,MASTER,34.5
Vicious [ANTi] Heroism,Beyond,34.5
Einherjar Joker,Beyond,34.5
PRiMA MATERiA,Nightmare,34.5
RENDA JOCEKY,MASTER,34.5
エデンズゲート,MASTER,34.5
Villain Virus,MASTER,34.5
Lachryma《Re:Queen’M》,GRAVITY,34.6
Crossing Dimension,MASTER,34.6
魔王(World Ender),MASTER,34.6
初音協奏曲第01番「彗惺」,MASTER,34.6
ラストピースに祝福と栄光を,Re:MASTER,34.6
Re:Border of Life,MASTER,34.6
poxei♦DOON,MASTER,34.6
Longinus,MASTER,34.6
Longinus,Another,34.6
カルぺ・ディエム,OLIVIER,34.7
Sweat & Sour,MASTER,34.7
THE CELESTIA 180,MASTER,34.7
3.566×10^80m³,INSANE,34.7
轆轤首,MASTER,34.7
飈,MASTER,34.7
ダイジョブですか？,MASTER,34.7
MY GLORY WANTED!!!,MASTER,34.7
"Music Machine, Pt.2",MASTER
APØCALYPS RAY,MASTER,34.7
Op.I《fear-TITΛN-》,MASTER,34.8
Cold Fusion,MASTER,34.8
World's end BLACKBOX,MASTER,34.8
OUTRAGE,MASTER,34.8
DIE IN,MASTER,34.8
"* Erm, could it be a Spatiotemporal ShockWAVE Syndrome...?",MAXIMUM
"色を喪った街 (Juggernaut. Re""colour""mix)",Re:MAXIMUM,34.8
Carmina,ANOTHER,34.8
Designant.,Unauthorized,34.9
Xaleid◆scopiX,MASTER,34.9
Retribution,MASTER,35.0
Aether Crest：Celestial,MASTER,35.0
色を喪った街,MAXIMUM,35.0
今年も、「雪降りメリクリ」目指して頑張ります！,Re:MASTER,35.1
祈 -我ら神祖と共に歩む者なり-,MASTER,35.2
Galaxy Collapse,MASTER,35.3
Gears of Fate,MASTER,35.3
怪獣になりたい,MASTER,35.5
命日,MASTER,35.5
Tuatha Dé Danann,MASTER,35.6
神鳴,MASTER,35.6
Deep Blue,MASTER,35.7
≠,RAVAGE,35.7
Phantom Crisis,MASTER,35.7
CX-ronos ,MASTER,35.8
飄える翼追い掛けて,MAXIMUM,35.8
Xeno Phantasm,MASTER,35.9
secretspell,MASTER,35.9
23時54分、陽の旅路へのプレリュード,Re:MASTER,36.0
Traxxendenza,Insane,36.1
創 -汝ら新世界へ歩む者なり-,MASTER ,36.1
Verse X,MASTER,36.2
Xaleid◆scopiX,Re:MASTER,36.2
