Title,Diff,Level,Const,Score,Clear,"Full Combo","All Justice","Full Chain",Genre
B.B.K.K.B.K.K.,MAS,12.5,12.5,1007250,1,0,0,0,VARIETY
B.B.K.K.B.K.K.,ULT,13.5,13.5,1008985,1,0,0,0,VARIETY
"Reach For The Stars",ULT,13.5,13.7,1008439,1,0,0,0,VARIETY
初音ミクの消失,EXP,12,12,1001730,1,0,0,0,niconico
初音ミクの消失,MAS,14.5,14.5,1009982,1,1,1,0,niconico
千本桜,MAS,12.5,12.6,984850,0,0,0,0,niconico
千本桜,ULT,13.5,13.7,1007714,1,0,0,0,niconico
DRAGONLADY,MAS,14,14.2,1002660,1,0,0,0,VARIETY
"taboo tears you up",MAS,13.5,13.8,1004358,1,0,0,0,東方Project
"taboo tears you up",ULT,15,15,1009728,1,1,0,0,東方Project
ナイト・オブ・ナイツ,EXP,9,9,1009777,1,1,1,0,東方Project
ナイト・オブ・ナイツ,MAS,12,12.2,1009965,1,1,1,2,東方Project
一触即発☆禅ガール,EXP,9.5,9.5,997871,1,0,0,0,niconico
一触即発☆禅ガール,MAS,13,13,1009064,1,1,0,0,niconico
タイガーランペイジ,ULT,15,15,1009353,1,0,0,0,niconico
"Blue Noise",MAS,14.5,14.5,1008210,1,0,0,0,VARIETY
Lapis,ULT,14.5,14.9,1007927,1,1,0,0,VARIETY
天ノ弱,EXP,8,8,999447,1,0,0,0,niconico
天ノ弱,MAS,11,11.1,999420,1,0,0,0,niconico
天ノ弱,ULT,13.5,13.7,1009042,1,0,0,0,niconico
L9,MAS,13.5,13.6,1007343,1,0,0,0,VARIETY
L9,ULT,15,15,1007771,1,0,0,0,VARIETY
六兆年と一夜物語,EXP,9.5,9.5,1004034,1,0,0,0,niconico
六兆年と一夜物語,MAS,13,13.4,1002686,1,0,0,0,niconico
六兆年と一夜物語,ULT,14,14.1,1009128,1,0,0,0,niconico
"Unlimited Spark!",ULT,14,14.1,1009950,1,1,1,0,東方Project
"My First Phone",MAS,14,14,1007160,1,0,0,0,ORIGINAL
Teriqma,ULT,14.5,14.5,1006808,1,0,0,0,ORIGINAL
Invitation,MAS,11.5,11.8,1007342,1,0,0,0,ORIGINAL
Invitation,ULT,13.5,13.5,1009630,1,1,0,0,ORIGINAL
"GOLDEN RULE",MAS,14.5,14.7,1007739,1,0,0,0,ORIGINAL
"Gate of Fate",MAS,14.5,14.7,1007976,1,0,0,0,ORIGINAL
"Gate of Fate",ULT,15,15.1,1005861,1,0,0,0,ORIGINAL
Anemone,MAS,11,11.1,995614,1,0,0,0,ORIGINAL
Anemone,ULT,13,13.1,1009263,1,1,0,0,ORIGINAL
昵懇レファレンス,ULT,13,13.1,1009981,1,1,1,0,ORIGINAL
"The wheel to the right",MAS,14,14.4,1005235,1,0,0,0,ORIGINAL
STAR,MAS,13.5,13.5,1006628,1,1,0,0,ORIGINAL
"Infantoon Fantasy",EXP,9.5,9.5,1009937,1,1,1,0,ORIGINAL
"Infantoon Fantasy",MAS,13,13,1008119,1,1,0,0,ORIGINAL
"Infantoon Fantasy",ULT,14,14.2,1009733,1,1,0,0,ORIGINAL
Genesis,MAS,14.5,14.5,1007954,1,0,0,0,ORIGINAL
"MUSIC PЯAYER",MAS,14,14,1009376,1,0,0,0,ORIGINAL
"MUSIC PЯAYER",ULT,14.5,14.5,1008336,1,0,0,0,ORIGINAL
Counselor,MAS,12,12.3,702652,0,0,0,0,ORIGINAL
"luna blu",MAS,14.5,14.5,1008024,1,0,0,0,ORIGINAL
"luna blu",ULT,15,15,1007460,1,0,0,0,ORIGINAL
ＧＯ！ＧＯ！ラブリズム♥,MAS,11.5,11.8,1009125,1,0,0,0,ORIGINAL
"Memories of Sun and Moon",EXP,8,8,1009539,1,1,0,0,ORIGINAL
ロストワンの号哭,EXP,9,9,987711,1,0,0,0,niconico
ロストワンの号哭,MAS,13,13,1000745,1,0,0,0,niconico
ロストワンの号哭,ULT,14,14.2,1009948,1,1,1,0,niconico
L'épisode,MAS,14.5,14.8,1005655,1,0,0,0,ORIGINAL
最終鬼畜妹・一部声,MAS,14,14,1007876,1,0,0,0,東方Project
セツナトリップ,MAS,13.5,13.8,1002889,1,0,0,0,niconico
砂漠のハンティングガール♡,ULT,14,14.1,1005872,1,0,0,0,ORIGINAL
チルノのパーフェクトさんすう教室,EXP,8,8,1005000,1,0,0,0,東方Project
チルノのパーフェクトさんすう教室,MAS,12.5,12.9,1002431,1,0,0,0,東方Project
魔理沙は大変なものを盗んでいきました,ULT,15,15,1002558,1,0,0,0,東方Project
言ノ葉カルマ,ULT,14,14.3,1007952,1,0,0,0,ゲキマイ
エンドマークに希望と涙を添えて,EXP,11.5,11.8,1005263,1,0,0,0,ORIGINAL
エンドマークに希望と涙を添えて,MAS,15,15,1007637,1,0,0,0,ORIGINAL
宛城、炎上！！,EXP,12.5,12.6,985518,1,0,0,0,ORIGINAL
宛城、炎上！！,MAS,15,15,1007351,1,0,0,0,ORIGINAL
"We Gonna Journey",MAS,14,14.2,1003793,1,0,0,0,ORIGINAL
"We Gonna Journey",ULT,14.5,14.9,1009648,1,1,0,0,ORIGINAL
"The ether",MAS,13,13,1006300,1,0,0,0,ORIGINAL
ストリーミングハート,ULT,14,14.1,1009933,1,1,1,0,niconico
Dreaming,MAS,11.5,11.7,1007392,1,0,0,0,東方Project
腐れ外道とチョコレゐト,EXP,9.5,9.5,1009892,1,1,1,0,niconico
腐れ外道とチョコレゐト,MAS,13.5,13.5,1001267,1,0,0,0,niconico
腐れ外道とチョコレゐト,ULT,14.5,14.8,1008881,1,1,0,0,niconico
"東方妖々夢 ～the maximum moving about～",MAS,14,14,1009966,1,1,1,0,東方Project
チルドレンレコード,EXP,10,10.2,984299,1,0,0,0,niconico
チルドレンレコード,MAS,13.5,13.7,990650,1,0,0,0,niconico
イカサマライフゲイム,MAS,12.5,12.5,1004287,1,0,0,0,niconico
イカサマライフゲイム,ULT,14,14.1,1009503,1,1,0,0,niconico
"HAELEQUIN (Original Remaster)",MAS,15,15.2,1007635,1,0,0,0,VARIETY
Vallista,MAS,14.5,14.8,1009876,1,1,1,0,VARIETY
"Angel dust",MAS,15,15,1009636,1,1,0,0,VARIETY
conflict,EXP,10.5,10.7,1004953,1,1,0,0,VARIETY
conflict,MAS,14,14.3,1008481,1,0,0,0,VARIETY
Guilty,ULT,14,14.2,1009931,1,1,1,0,ORIGINAL
閃鋼のブリューナク,MAS,14.5,14.6,1008625,1,0,0,0,ORIGINAL
ODDS&ENDS,EXP,9,9,995157,1,0,0,0,niconico
ODDS&ENDS,MAS,10.5,10.6,998383,1,0,0,0,niconico
ODDS&ENDS,ULT,13.5,13.5,1009568,1,1,0,0,niconico
Aragami,MAS,14.5,14.6,1009837,1,1,1,0,VARIETY
"Change Our MIRAI！",ULT,14.5,14.5,1008364,1,0,0,0,イロドリミドリ
"Theme of SeelischTact",ULT,14,14.3,1009409,1,1,0,0,ORIGINAL
"brilliant better",MAS,12,12.1,1009941,1,1,1,0,イロドリミドリ
"brilliant better",ULT,13.5,13.6,1009939,1,1,1,0,イロドリミドリ
"Gustav Battle",MAS,14,14.1,1005207,1,0,0,0,ORIGINAL
"Gustav Battle",ULT,14.5,14.9,1008287,1,0,0,0,ORIGINAL
ギガンティックO.T.N,MAS,14,14.1,1008117,1,0,0,0,niconico
ジングルベル,MAS,14.5,14.6,1008782,1,1,0,0,POPS&ANIME
ジングルベル,ULT,15,15,1007774,1,0,0,0,POPS&ANIME
私の中の幻想的世界観及びその顕現を想起させたある現実での出来事に関する一考察,MAS,13.5,13.6,1007567,1,0,0,0,イロドリミドリ
幾四音-Ixion-,ULT,14,14.3,1009238,1,0,0,0,ORIGINAL
ぼくらの16bit戦争,EXP,9.5,9.5,1001810,1,0,0,0,niconico
ぼくらの16bit戦争,MAS,14,14.1,1006528,1,0,0,0,niconico
裏表ラバーズ,EXP,9.5,9.5,995434,1,0,0,0,niconico
裏表ラバーズ,MAS,12,12.1,992925,1,0,0,0,niconico
裏表ラバーズ,ULT,14,14,1009300,1,1,0,0,niconico
脳漿炸裂ガール,EXP,10.5,10.8,989215,1,0,0,0,niconico
脳漿炸裂ガール,MAS,13.5,13.8,1008271,1,1,0,0,niconico
脳漿炸裂ガール,ULT,15,15,1007879,1,0,0,0,niconico
ネトゲ廃人シュプレヒコール,ULT,14,14.3,1009093,1,0,0,0,niconico
elegante,ULT,13.5,13.8,1008530,1,0,0,0,VARIETY
"DETARAME ROCK&ROLL THEORY",MAS,12,12,1008764,1,0,0,0,イロドリミドリ
"XL TECHNO",MAS,13.5,13.6,1009094,1,1,0,0,VARIETY
Halcyon,MAS,14.5,14.6,1008676,1,1,0,0,VARIETY
Halcyon,ULT,15,15.1,1009383,1,0,0,0,VARIETY
stella=steLLa,MAS,13.5,13.7,1008623,1,0,0,0,ORIGINAL
すろぉもぉしょん,ULT,14,14,1009674,1,1,0,0,niconico
怒槌,EXP,14,14,1008625,1,0,0,0,ORIGINAL
怒槌,MAS,15,15.4,1008510,1,0,0,0,ORIGINAL
患部で止まってすぐ溶ける～狂気の優曇華院,MAS,14,14.2,1005611,1,0,0,0,東方Project
患部で止まってすぐ溶ける～狂気の優曇華院,ULT,15,15.1,1008722,1,0,0,0,東方Project
ひれ伏せ愚民どもっ！,MAS,13.5,13.8,1007810,1,0,0,0,東方Project
エテルニタス・ルドロジー,MAS,13.5,13.8,1009600,1,1,0,0,東方Project
"Phantasm Brigade",MAS,14,14.1,1009953,1,1,1,0,東方Project
"FREEDOM DiVE",EXP,11.5,11.5,1006750,1,0,0,0,VARIETY
"FREEDOM DiVE",MAS,15,15,1009396,1,1,0,0,VARIETY
"Contrapasso -inferno-",MAS,15,15.2,1006255,1,0,0,0,ORIGINAL
FLOWER,EXP,9.5,9.5,1002790,1,0,0,0,VARIETY
FLOWER,ULT,14,14.2,1009977,1,1,1,0,VARIETY
ちくわパフェだよ☆CKP,ULT,14,14.4,1009942,1,1,1,0,VARIETY
アスノヨゾラ哨戒班,EXP,9.5,9.5,983746,1,0,0,0,niconico
アスノヨゾラ哨戒班,MAS,12.5,12.6,1009135,1,1,0,0,niconico
アスノヨゾラ哨戒班,ULT,14,14,1008808,1,0,0,0,niconico
"玩具狂奏曲 -終焉-",EXP,13.5,13.9,1000707,1,0,0,0,ORIGINAL
"玩具狂奏曲 -終焉-",MAS,15,15.3,1002620,1,0,0,0,ORIGINAL
如月アテンション,MAS,12.5,12.7,1009960,1,1,1,0,niconico
カミサマネジマキ,MAS,14,14.1,1006372,1,0,0,0,niconico
"Garakuta Doll Play",MAS,15,15,1003044,1,0,0,0,ゲキマイ
紅華刑,MAS,14,14.4,1003844,1,0,0,0,ORIGINAL
Hyperion,ULT,14.5,14.5,1007906,1,0,0,0,ORIGINAL
"Elemental Creation",EXP,11,11.3,1009949,1,1,1,0,VARIETY
"Elemental Creation",MAS,14.5,14.5,1008935,1,0,0,0,VARIETY
"Elemental Creation",ULT,15,15.1,1009189,1,0,0,0,VARIETY
アルストロメリア,ULT,14.5,14.6,1009591,1,1,0,0,VARIETY
"Devastating Blaster",MAS,15,15,1005785,1,0,0,0,ORIGINAL
夜咄ディセイブ,EXP,10,10.1,987371,1,0,0,0,niconico
夜咄ディセイブ,MAS,13.5,13.5,1001530,1,0,0,0,niconico
回レ！雪月花,ULT,14,14,1009155,1,1,0,0,POPS&ANIME
なるとなぎのパーフェクトロックンロール教室,MAS,13.5,13.8,1009158,1,0,0,0,イロドリミドリ
"Schrecklicher Aufstand",MAS,15,15.1,1007963,1,0,0,0,ORIGINAL
Philosopher,MAS,14.5,14.5,1008017,1,0,0,0,ORIGINAL
愛迷エレジー,MAS,12.5,12.8,1004067,1,0,0,0,niconico
"TiamaT:F minor",MAS,15,15.3,1007921,1,0,0,0,ORIGINAL
"Oshama Scramble! (Cranky Remix)",MAS,14,14,1009672,1,1,0,2,ORIGINAL
"Hand in Hand",MAS,11.5,11.7,1009618,1,1,0,2,niconico
猫祭り,MAS,12,12.3,1009677,1,1,0,0,イロドリミドリ
ゲシュタルト！テスト期間！！,MAS,13.5,13.7,1007451,1,0,0,0,ORIGINAL
TRUST,MAS,13,13.1,1009923,1,1,1,0,イロドリミドリ
ラクガキスト,MAS,14,14.4,1009853,1,1,1,0,niconico
幸せになれる隠しコマンドがあるらしい,MAS,13.5,13.7,1008791,1,0,0,0,niconico
メルト,EXP,8,8,983681,1,0,0,0,niconico
ロミオとシンデレラ,EXP,10,10,990562,1,0,0,0,niconico
ロミオとシンデレラ,MAS,11.5,11.8,1009962,1,1,1,0,niconico
インビジブル,MAS,14,14.2,1007306,1,0,0,0,niconico
人生リセットボタン,EXP,10,10.3,1008880,1,1,0,0,niconico
人生リセットボタン,MAS,13.5,13.8,1006808,1,0,0,0,niconico
風仁雷仁,ULT,14.5,14.9,1009919,1,1,1,2,VARIETY
"PRIVATE SERVICE",ULT,14.5,14.9,1009345,1,1,0,0,VARIETY
Strahv,MAS,14,14.4,1008239,1,0,0,0,VARIETY
幻想のサテライト,MAS,14,14.2,1007869,1,0,0,0,東方Project
凛として咲く花の如く,ULT,14,14.3,998117,1,0,0,0,VARIETY
Air,EXP,10,10.1,1005942,1,0,0,0,VARIETY
Air,MAS,14.5,14.5,1009919,1,1,1,0,VARIETY
Air,ULT,15,15.2,1009059,1,0,0,0,VARIETY
DataErr0r,MAS,14,14,1008095,1,0,0,0,VARIETY
"ERIS -Legend of Gaidelia-",ULT,15,15.1,1008169,1,0,0,0,VARIETY
"Imperishable Night 2006 (2016 Refine)",MAS,14.5,14.7,1009439,1,0,0,0,東方Project
Dreadnought,MAS,14.5,14.5,1009036,1,1,0,0,VARIETY
Dreadnought,ULT,14.5,14.8,1008967,1,0,0,0,VARIETY
"★LittlE HearTs★",MAS,15,15.2,1008442,1,0,0,0,VARIETY
ドキドキDREAM!!!,ULT,13.5,13.8,1009750,1,1,0,0,イロドリミドリ
猛進ソリストライフ！,ULT,14.5,14.8,1009669,1,1,0,0,イロドリミドリ
空威張りビヘイビア,MAS,13,13.1,1008538,1,0,0,0,ゲキマイ
空威張りビヘイビア,ULT,14,14,1009164,1,0,0,0,ゲキマイ
"Oshama Scramble!",MAS,14,14,1009970,1,1,1,0,ゲキマイ
"Oshama Scramble!",ULT,15,15,1009945,1,1,1,0,ゲキマイ
"Supersonic Generation",MAS,14,14.4,1005395,1,0,0,0,ORIGINAL
オススメ☆♂♀☆でぃすとぴあ,MAS,14,14.4,1009123,1,0,0,0,ORIGINAL
桜ノ雨,MAS,11,11,1005419,1,0,0,0,niconico
おこちゃま戦争,MAS,13.5,13.8,1008089,1,0,0,0,niconico
アンハッピーリフレイン,MAS,13.5,13.7,1008316,1,0,0,0,niconico
デリヘル呼んだら君が来た,MAS,13,13,1008826,1,1,0,0,niconico
チュルリラ・チュルリラ・ダッダッダ！,EXP,10,10,972578,1,0,0,0,niconico
ECHO,EXP,9.5,9.5,1009955,1,1,1,0,niconico
"Help me, ERINNNNNN!! -Cranky remix-",MAS,12.5,12.6,1002976,1,1,0,0,東方Project
Evans,MAS,14,14.4,993066,1,0,0,0,VARIETY
Evans,ULT,14.5,14.7,1009962,1,1,1,0,VARIETY
神威,MAS,15,15.2,1006386,1,0,0,0,VARIETY
GOODTEK,MAS,14,14.3,1009077,1,1,0,0,VARIETY
"Name of oath",MAS,14.5,14.5,1009938,1,1,1,0,VARIETY
"Dengeki Tube",MAS,15,15.2,1008241,1,1,0,0,VARIETY
"Like the Wind [Reborn]",MAS,14,14.4,1007155,1,0,0,0,ゲキマイ
最愛テトラグラマトン,ULT,14,14,1007241,1,0,0,0,ORIGINAL
混沌を越えし我らが神聖なる調律主を讃えよ,EXP,14,14.4,1009353,1,1,0,0,ORIGINAL
混沌を越えし我らが神聖なる調律主を讃えよ,MAS,15.5,15.5,1007550,1,0,0,0,ORIGINAL
Finite,MAS,15,15.2,1005998,1,0,0,0,VARIETY
地球最後の告白を,EXP,9,9,995975,1,0,0,0,niconico
地球最後の告白を,MAS,13,13,1008644,1,1,0,0,niconico
"Through The Tower",MAS,12.5,12.9,1009954,1,1,1,0,VARIETY
Aleph-0,EXP,13.5,13.7,1009028,1,1,0,0,VARIETY
Aleph-0,MAS,14.5,14.9,1009511,1,1,0,0,VARIETY
Aleph-0,ULT,15,15.4,1005450,1,0,0,0,VARIETY
"Black Lotus",MAS,14,14.4,1009124,1,0,0,0,VARIETY
立川浄穢捕物帳,MAS,14,14,1006431,1,0,0,0,ORIGINAL
"JIGOKU STATION CENTRAL GATE",MAS,14,14.3,1009155,1,0,0,0,ORIGINAL
"JIGOKU STATION CENTRAL GATE",ULT,14.5,14.9,1009892,1,1,1,0,ORIGINAL
トリスメギストス,MAS,14,14.2,1005125,1,0,0,0,ORIGINAL
"キラメケ→Shoot it Now!",MAS,13.5,13.9,1008205,1,0,0,0,ORIGINAL
"Kattobi KEIKYU Rider",MAS,14.5,14.9,1009508,1,0,0,0,ORIGINAL
"Glorious Crown (tpz over-Over-OVERCUTE REMIX)",EXP,13.5,13.6,1009904,1,1,1,0,ORIGINAL
"Glorious Crown (tpz over-Over-OVERCUTE REMIX)",MAS,15,15,1008729,1,0,0,0,ORIGINAL
のぼれ！すすめ！高い塔,MAS,14,14.3,1008672,1,0,0,0,niconico
害虫,MAS,14,14.2,1009360,1,1,0,0,niconico
Vampire,ULT,15,15.2,1009151,1,0,0,0,POPS&ANIME
星色夜空,MAS,10.5,10.5,1009988,1,1,1,0,東方Project
物凄い勢いでけーねが物凄いうた,ULT,13.5,13.5,1009981,1,1,1,0,東方Project
"World Vanquisher",EXP,13.5,13.8,1007723,1,0,0,0,ORIGINAL
"World Vanquisher",MAS,15.5,15.5,1005086,1,0,0,0,ORIGINAL
macrocosmos,EXP,13,13.3,1009697,1,1,0,0,ORIGINAL
macrocosmos,MAS,15,15.4,1005442,1,0,0,0,ORIGINAL
Iudicium,MAS,15,15,1007901,1,0,0,0,ORIGINAL
奏者はただ背中と提琴で語るのみ,MAS,14,14,1008205,1,0,0,0,イロドリミドリ
Xevel,MAS,15,15.1,1009531,1,0,0,0,ORIGINAL
セイクリッド　ルイン,MAS,14,14.4,1008940,1,0,0,0,VARIETY
極圏,MAS,14.5,14.6,1008372,1,0,0,0,VARIETY
"Scarlet Lance",MAS,14.5,14.7,1009670,1,1,0,0,VARIETY
VERTeX,MAS,14.5,14.7,1009043,1,0,0,0,ゲキマイ
"Hyper Active",MAS,14,14.3,1008393,1,1,0,0,ゲキマイ
"Caliburne ～Story of the Legendary sword～",MAS,14.5,14.9,1009869,1,1,1,0,ゲキマイ
"Calamity Fortune",MAS,14.5,14.8,1009506,1,1,0,0,東方Project
"G e n g a o z o",MAS,14.5,14.7,1009664,1,1,0,0,VARIETY
木彫り鯰と右肩ゾンビ,MAS,12.5,12.9,1008795,1,0,0,0,niconico
ヒビカセ,MAS,13,13.3,1006846,1,0,0,0,niconico
チルノのパーフェクトさんすう教室　⑨周年バージョン,EXP,9.5,9.5,996041,1,0,0,0,東方Project
チルノのパーフェクトさんすう教室　⑨周年バージョン,MAS,14,14,987404,1,0,0,0,東方Project
"BlazinG AIR",MAS,14,14.3,1009728,1,1,0,0,ORIGINAL
"AMAZING MIGHTYYYY!!!!",MAS,14.5,14.8,1009338,1,1,0,0,ゲキマイ
"砂の惑星 feat. HATSUNE MIKU",BAS,3,3,997728,1,0,0,0,niconico
"砂の惑星 feat. HATSUNE MIKU",ADV,5,5,1002132,1,0,0,0,niconico
"砂の惑星 feat. HATSUNE MIKU",EXP,8,8,994380,1,0,0,0,niconico
"砂の惑星 feat. HATSUNE MIKU",MAS,12.5,12.8,978833,1,0,0,0,niconico
拝啓ドッペルゲンガー,EXP,10,10,991931,1,0,0,0,niconico
拝啓ドッペルゲンガー,MAS,14,14.1,1009361,1,1,0,0,niconico
Doppelganger,MAS,14.5,14.9,1007945,1,0,0,0,VARIETY
"Sparking Revolver",MAS,14.5,14.7,1008821,1,0,0,0,ORIGINAL
"Gate of Doom",MAS,14.5,14.9,1007529,1,0,0,0,ORIGINAL
ダンスロボットダンス,MAS,12.5,12.7,1009217,1,0,0,0,niconico
レトロマニア狂想曲,MAS,13.5,13.5,1009976,1,1,1,0,niconico
"otorii INNOVATED -[i]3-",MAS,15,15.2,1008486,1,0,0,0,ORIGINAL
"Pastel Party",MAS,14,14,1006236,1,0,0,0,ORIGINAL
Twilight,MAS,14,14.4,1009519,1,1,0,0,ORIGINAL
ねぇ、壊れタ人形ハ何処へ棄テらレるノ？,MAS,14.5,14.9,1007586,1,0,0,0,ゲキマイ
ネ！コ！,ULT,14,14,1009969,1,1,1,0,POPS&ANIME
マトリョシカ,EXP,9.5,9.5,1002419,1,0,0,0,niconico
ゴーストルール,EXP,9.5,9.5,984861,1,0,0,0,niconico
ゴーストルール,MAS,13.5,13.7,1004017,1,0,0,0,niconico
頓珍漢の宴,MAS,14,14.1,1004871,1,0,0,0,niconico
"Super Lovely (Heavenly Remix)",MAS,14,14.3,1009317,1,0,0,0,VARIETY
"管弦楽組曲 第3番 ニ長調「第2曲（G線上のアリア）」BWV.1068-2",MAS,14.5,14.5,1009625,1,1,0,0,イロドリミドリ
ウサテイ,EXP,9.5,9.5,992909,1,0,0,0,東方Project
ウサテイ,MAS,13.5,13.8,1009953,1,1,1,0,東方Project
"Dual Fractal",MAS,13.5,13.9,1008998,1,0,0,0,ORIGINAL
"Surveiller et punir",MAS,15,15.1,1008276,1,0,0,0,ORIGINAL
"業 -善なる神とこの世の悪について-",EXP,14,14.2,1008705,1,0,0,0,ORIGINAL
"業 -善なる神とこの世の悪について-",MAS,15.5,15.6,1003094,1,0,0,0,ORIGINAL
"End Time",EXP,13.5,13.7,1006203,1,1,0,0,VARIETY
"End Time",MAS,15,15.1,1008617,1,0,0,0,VARIETY
volcanic,MAS,14,14.4,1009981,1,1,1,0,VARIETY
アンノウン・マザーグース,EXP,9,9,997985,1,0,0,0,niconico
アンノウン・マザーグース,MAS,13.5,13.8,1009931,1,1,1,0,niconico
サドマミホリック,MAS,14,14.2,1010000,1,1,1,0,東方Project
サドマミホリック,ULT,14.5,14.9,1009764,1,1,0,0,東方Project
初音ミクの激唱,EXP,13,13,1005639,1,1,0,0,niconico
初音ミクの激唱,MAS,14.5,14.8,1009957,1,1,1,0,niconico
きゅうりバーにダイブ,MAS,14,14.4,1006443,1,0,0,0,東方Project
むしとりのうた,MAS,11,11,1009125,1,1,0,0,VARIETY
ミリオン／ワンズ,MAS,13.5,13.7,978419,0,0,0,0,niconico
"フリィダム ロリィタ",MAS,11.5,11.7,1008733,1,0,0,0,niconico
"DAYBREAK FRONTLINE",EXP,9,9,994775,1,0,0,0,niconico
"DAYBREAK FRONTLINE",MAS,11.5,11.5,1007794,1,0,0,0,niconico
"ナイト・オブ・ナイツ (Cranky Remix)",EXP,10,10,1004536,1,0,0,0,東方Project
"ナイト・オブ・ナイツ (Cranky Remix)",MAS,14,14.1,1009265,1,0,0,0,東方Project
"Brain Power",MAS,14,14.3,1009973,1,1,1,0,VARIETY
"ouroboros -twin stroke of the end-",MAS,14.5,14.8,1009912,1,1,1,0,VARIETY
GERBERA,MAS,14.5,14.6,1009239,1,0,0,0,VARIETY
"Taiko Drum Monster",MAS,14,14.3,995240,1,0,0,0,VARIETY
Nhelv,MAS,14.5,14.7,1009968,1,1,1,0,VARIETY
PUPA,MAS,14.5,14.6,1009952,1,1,1,0,VARIETY
ハートアタック,MAS,14,14.4,1007939,1,0,0,0,ORIGINAL
folern,MAS,14.5,14.7,1009905,1,1,1,0,ORIGINAL
2DVenture,MAS,13,13.3,1009994,1,1,1,0,ORIGINAL
ぜったい！昇天★鎮魂歌♂,MAS,14,14.3,1008767,1,0,0,0,ORIGINAL
"夕焼けのRed Parade",MAS,14.5,14.9,1009569,1,1,0,0,ORIGINAL
StufeStern,MAS,14,14.3,1003764,1,0,0,0,ORIGINAL
スピカの天秤,MAS,14.5,14.8,1009949,1,1,1,0,ORIGINAL
Life,MAS,14,14.1,1009380,1,0,0,0,ORIGINAL
Sqlupp,MAS,14,14.4,1009079,1,0,0,0,ORIGINAL
Climax,EXP,13,13.4,1001220,1,0,0,0,ORIGINAL
Climax,MAS,15,15,1008599,1,0,0,0,ORIGINAL
larva,MAS,14.5,14.7,1009899,1,1,1,0,ゲキマイ
ロキ,ULT,14,14,1008201,1,1,0,0,niconico
"Innocent Truth",MAS,14,14,1009404,1,0,0,0,ORIGINAL
"CITRUS MONSTER",MAS,14.5,14.6,1009831,1,1,1,0,ゲキマイ
"Ai Nov",EXP,12,12.3,1003868,1,0,0,0,ゲキマイ
"Ai Nov",MAS,14.5,14.8,1009329,1,0,0,0,ゲキマイ
アイリちゃんは暗黒魔導士!,MAS,14,14,1008348,1,0,0,0,ORIGINAL
電光石火,MAS,15,15,1009331,1,0,0,0,ORIGINAL
ゴールドビジョン,MAS,14,14.3,1008778,1,1,0,0,東方Project
"Fracture Ray",MAS,14.5,14.7,1009412,1,1,0,0,VARIETY
"Axium Crisis",MAS,13.5,13.7,1009959,1,1,1,0,VARIETY
"Grievous Lady",EXP,12,12.4,1001680,1,0,0,0,VARIETY
"Grievous Lady",MAS,14.5,14.8,1009356,1,1,0,0,VARIETY
"CO5M1C R4ILR0AD",MAS,14,14.1,1009916,1,1,1,2,VARIETY
"Pure Ruby",MAS,14,14.3,1009600,1,1,0,0,VARIETY
"Everlasting Today",EXP,12,12.1,1007336,1,0,0,0,ゲキマイ
"Everlasting Today",MAS,14.5,14.8,1009377,1,1,0,0,ゲキマイ
"The Pursuit of Speed",MAS,13,13.4,1008888,1,1,0,0,VARIETY
ZEUS,MAS,14.5,14.5,1008245,1,0,0,0,VARIETY
暗晦にハイライト,MAS,14.5,14.5,1009346,1,1,0,0,ORIGINAL
8-EM,MAS,14.5,14.8,1008844,1,0,0,0,ORIGINAL
"Killing Rhythm",EXP,14,14.3,1009352,1,0,0,0,ORIGINAL
"Killing Rhythm",MAS,15,15.3,1008417,1,1,0,0,ORIGINAL
METEOR,EXP,9.5,9.5,1008716,1,0,0,0,niconico
METEOR,MAS,11.5,11.8,1010000,1,1,1,0,niconico
ワールズエンド・ダンスホール,EXP,9,9,995848,1,0,0,0,niconico
ワールズエンド・ダンスホール,MAS,12.5,12.8,993049,1,0,0,0,niconico
YURUSHITE,EXP,13.5,13.8,1003571,1,0,0,0,ゲキマイ
YURUSHITE,MAS,15,15.1,1008070,1,0,0,0,ゲキマイ
ユメキキョウ,MAS,14,14,1009696,1,1,0,0,ORIGINAL
"Black Swan Lake",MAS,14,14.3,1009717,1,1,0,0,ORIGINAL
"GIGA DRIVE",EXP,13.5,13.6,1009317,1,0,0,0,ORIGINAL
"GIGA DRIVE",MAS,15,15.1,1007755,1,0,0,0,ORIGINAL
Rebellion,EXP,14,14.1,1008721,1,0,0,0,ORIGINAL
Rebellion,MAS,15,15.4,1007680,1,0,0,0,ORIGINAL
テオ,EXP,8,8,1003857,1,0,0,0,niconico
テオ,MAS,13,13.4,1009974,1,1,1,2,niconico
ハイセンスナンセンス,MAS,14,14.4,1008189,1,0,0,0,niconico
デンパラダイム,MAS,14,14,1009928,1,1,1,0,niconico
"星の器～STAR OF ANDROMEDA",MAS,14.5,14.5,1008700,1,0,0,0,東方Project
"Vibrant Verve",MAS,14,14.1,1009247,1,0,0,0,ORIGINAL
燃えてもエンジョイ！宛城、炎上！！,MAS,14,14.3,1006170,1,0,0,0,イロドリミドリ
"水晶世界 ～Fracture～",MAS,14.5,14.9,1008600,1,1,0,0,VARIETY
BlythE,MAS,14,14.1,1009855,1,1,1,0,VARIETY
BlythE,ULT,15,15.1,1007437,1,0,0,0,VARIETY
ロスタイムメモリー,MAS,12.5,12.9,1009673,1,1,0,0,niconico
ヒバナ,EXP,9.5,9.5,1006445,1,0,0,0,niconico
ヒバナ,MAS,13.5,13.7,1009288,1,0,0,0,niconico
ヒバナ,ULT,14,14,1009974,1,1,1,0,niconico
最終鬼畜妹フランドール・S,MAS,14,14.4,1009948,1,1,1,0,東方Project
最終鬼畜妹フランドール・S,ULT,14.5,14.5,1009716,1,1,0,0,東方Project
"Excalibur ～Revived resolution～",MAS,14.5,14.8,1009218,1,1,0,0,ゲキマイ
Opfer,EXP,13.5,13.7,993239,1,0,0,0,ゲキマイ
Opfer,MAS,15,15,1008662,1,0,0,0,ゲキマイ
"神威 (NAOKI × ZPP MIX)",MAS,15,15,1004710,1,0,0,0,ORIGINAL
サヴァイバル・キリング・メーカー,MAS,12.5,12.7,1009980,1,1,1,0,ORIGINAL
ハジマリノピアノ,MAS,14,14,1007482,1,0,0,0,ORIGINAL
"Surrogate Life",MAS,14.5,14.9,1008924,1,0,0,0,ORIGINAL
"Nijirate Fanatics",EXP,13.5,13.8,998508,1,0,0,0,ORIGINAL
"Nijirate Fanatics",MAS,14,14.4,1005095,1,0,0,0,ORIGINAL
Destr0yer,MAS,14.5,14.5,1008127,1,0,0,0,VARIETY
R.I.P.,MAS,14,14.1,1007775,1,0,0,0,VARIETY
"Trackless wilderness",MAS,14.5,14.9,1009874,1,1,1,0,ORIGINAL
"absolute rightness",MAS,14,14.3,1009908,1,1,1,0,ORIGINAL
"Walzer für das Nichts",MAS,14.5,14.6,1009501,1,0,0,0,ORIGINAL
まごころのカスクルゥト,MAS,14,14.1,1009478,1,1,0,0,ORIGINAL
幾望の月,ULT,14,14.2,1007730,1,0,0,0,niconico
"《混乱》 ～ Muspell",MAS,13.5,13.7,1004469,1,0,0,0,ORIGINAL
"《理想》 ～ Cloudland",MAS,12.5,12.8,968886,0,0,0,0,ORIGINAL
"《運命》 ～ Ray of Hope",MAS,14,14.3,1009704,1,1,0,0,ORIGINAL
"Star Divine",MAS,12,12.1,1009982,1,1,1,0,POPS&ANIME
"とーきょー全域★アキハバラ？ (ver.にこる)",MAS,13.5,13.8,1008230,1,1,0,0,ORIGINAL
AXION,MAS,14.5,14.7,1008648,1,1,0,0,VARIETY
"MEGATON BLAST",EXP,13,13.2,1008172,1,0,0,0,ゲキマイ
"MEGATON BLAST",MAS,14.5,14.8,1009748,1,1,0,0,ゲキマイ
Pump!n,MAS,13.5,13.8,1009494,1,1,0,0,東方Project
"Fidget Dancer",MAS,14,14.3,1009735,1,1,0,0,ORIGINAL
Megameteor,MAS,15,15,1009186,1,0,0,0,ORIGINAL
Trrricksters!!,EXP,13,13.4,1006509,1,0,0,0,ORIGINAL
Trrricksters!!,MAS,15,15.3,1007339,1,0,0,0,ORIGINAL
"Ladymade Star",MAS,11.5,11.7,1006463,1,0,0,0,VARIETY
"SON OF SUN",MAS,14,14.4,1005188,1,0,0,0,VARIETY
"SON OF SUN",ULT,15,15.1,1005525,1,0,0,0,VARIETY
音弾超人ゴリライザー,MAS,13.5,13.9,1003073,1,0,0,0,VARIETY
Giselle,MAS,15,15.1,1007299,1,0,0,0,VARIETY
"Life is PIANO",MAS,13.5,13.8,1009581,1,1,0,0,VARIETY
タテマエと本心の大乱闘,MAS,12,12.2,1009993,1,1,1,0,ゲキマイ
conflict(斉唱),MAS,14,14.3,1007466,1,0,0,0,イロドリミドリ
チョウの標本,MAS,14,14.3,1008445,1,0,0,0,VARIETY
"Catch the Wave",EXP,9,9,994903,1,0,0,0,niconico
"Catch the Wave",MAS,12,12.1,1009993,1,1,1,0,niconico
"Sound Chimera",MAS,14.5,14.8,1009132,1,0,0,0,VARIETY
"エンドマークに希望と涙を添えて ～イロドリミドリアレンジ～",EXP,10,10.3,1000543,1,0,0,0,イロドリミドリ
"エンドマークに希望と涙を添えて ～イロドリミドリアレンジ～",MAS,13.5,13.8,1006065,1,0,0,0,イロドリミドリ
"Ghost Dance",MAS,12.5,12.5,1009993,1,1,1,0,ORIGINAL
シャッキーーン！！,MAS,14,14.4,1008663,1,0,0,0,ORIGINAL
"《破滅》 ～ Rhapsody for The End",MAS,15,15.2,1007303,1,0,0,0,ORIGINAL
メルティランドナイトメア,EXP,8.5,8.5,1005717,1,0,0,0,niconico
絶対にチョコミントを食べるアオイチャン,MAS,13.5,13.7,1009622,1,1,0,0,niconico
MARENOL,MAS,15,15,1007835,1,0,0,0,VARIETY
悪戯センセーション,MAS,13,13.3,1009993,1,1,1,0,東方Project
紅き魔汁、闇より降りて天啓の響きを導く,MAS,14,14,1009912,1,1,1,0,イロドリミドリ
ロング・スロー・アライブ,MAS,11.5,11.9,1009993,1,1,1,0,ORIGINAL
"Therapeutic Hoedown",MAS,14,14.4,1008046,1,0,0,0,ORIGINAL
バイオレンストリガー,MAS,13,13.3,1008017,1,0,0,0,niconico
"felys -final remix-",MAS,14,14.4,1007359,1,0,0,0,VARIETY
ドルオタ忍道！楠子ノ巻,MAS,13.5,13.5,1009447,1,1,0,0,ORIGINAL
エキセントリックコンコン,MAS,13.5,13.7,1009273,1,0,0,0,ORIGINAL
大天使ユリア★降臨!,MAS,14,14.3,1009735,1,1,0,0,ORIGINAL
グリーンライツ・セレナーデ,EXP,9,9,993129,1,0,0,0,niconico
グリーンライツ・セレナーデ,MAS,13.5,13.8,1009990,1,1,1,2,niconico
ブレス・ユア・ブレス,MAS,13,13.2,1009984,1,1,1,2,niconico
"Blackmagik Blazing",MAS,15,15,1009026,1,0,0,0,VARIETY
"Jade Star",MAS,14,14.2,1007710,1,0,0,0,VARIETY
"We Are Us",MAS,13,13.4,1009067,1,1,0,0,イロドリミドリ
"U ARE",MAS,14.5,14.5,1009924,1,1,1,0,ORIGINAL
ハードコア・シンドローム,MAS,14.5,14.6,1009067,1,0,0,0,ORIGINAL
Hainuwele,MAS,14.5,14.9,1008448,1,1,0,0,ORIGINAL
宿星審判,EXP,13.5,13.5,1009197,1,1,0,0,ORIGINAL
宿星審判,MAS,15.5,15.5,1007713,1,0,0,0,ORIGINAL
"Ascension to Heaven",EXP,13.5,13.8,1006210,1,1,0,0,VARIETY
"Ascension to Heaven",MAS,15,15,1009173,1,0,0,0,VARIETY
"Sweet Requiem",MAS,14,14.3,1009608,1,1,0,2,東方Project
レータイスパークEx,MAS,14,14.2,1009986,1,1,1,0,東方Project
小悪魔の遊園地,EXP,13.5,13.5,1009941,1,1,1,0,VARIETY
小悪魔の遊園地,MAS,15,15.1,1007692,1,1,0,0,VARIETY
"The Metaverse -First story of the SeelischTact-",EXP,14,14.2,1001411,1,0,0,0,ORIGINAL
"The Metaverse -First story of the SeelischTact-",MAS,15.5,15.7,1000888,1,0,0,0,ORIGINAL
フィクサー,MAS,13,13.3,1009918,1,1,1,0,niconico
"B100d Hunter",MAS,14.5,14.7,1009728,1,1,0,0,ORIGINAL
"Last Celebration",MAS,14.5,14.7,1009735,1,1,0,0,ORIGINAL
Cyaegha,MAS,14,14.2,1009480,1,1,0,0,VARIETY
Arcahv,MAS,14,14.1,1009981,1,1,1,0,VARIETY
AttraqtiA,MAS,14.5,14.9,1009691,1,1,0,0,VARIETY
"ナイト・オブ・ナイツ (USAO Remix)",EXP,11,11,1003518,1,0,0,0,東方Project
"ナイト・オブ・ナイツ (USAO Remix)",MAS,14,14.3,1009514,1,1,0,0,東方Project
"Alea jacta est!",EXP,13,13,993634,1,0,0,0,ゲキマイ
"Alea jacta est!",MAS,14.5,14.8,1009673,1,1,0,0,ゲキマイ
"Viyella's Tears",EXP,13,13.4,1009565,1,1,0,0,ゲキマイ
"Viyella's Tears",MAS,15,15.1,1007938,1,0,0,0,ゲキマイ
"Paqqin (tpz Despair Remix)",MAS,14.5,14.8,1008928,1,0,0,0,ORIGINAL
宙の隣,MAS,14,14,1007674,1,0,0,0,ORIGINAL
"Insane Gamemode",MAS,14,14.4,1009303,1,0,0,0,ORIGINAL
Parad'ox,MAS,14.5,14.7,1009036,1,1,0,0,ORIGINAL
ANU,EXP,13.5,13.7,1008860,1,0,0,0,ORIGINAL
ANU,MAS,15,15.3,1008026,1,0,0,0,ORIGINAL
愛されなくても君がいる,BAS,3,3,989644,1,0,0,0,niconico
スターナイトスノウ,MAS,12.5,12.7,1009975,1,1,1,0,niconico
疾走あんさんぶる,MAS,13.5,13.9,1009705,1,1,0,0,東方Project
"MELtin' 17",MAS,14,14,1009969,1,1,1,0,イロドリミドリ
"《投影》 ～ Oh My Baby Doll",MAS,14,14.4,1008637,1,0,0,0,ORIGINAL
"《信仰》 ～ Eudaimonia",MAS,13.5,13.8,1007381,1,0,0,0,ORIGINAL
"《選別》 ～ Refuge",MAS,14,14.1,1008698,1,1,0,0,ORIGINAL
"《本能》 ～ ReCoda",MAS,14.5,14.6,1009848,1,1,1,0,ORIGINAL
赤壁、大炎上！！,MAS,15,15.1,1008089,1,0,0,0,ORIGINAL
"Technicians High",EXP,11.5,11.5,1007570,1,0,0,0,ゲキマイ
"Technicians High",MAS,14,14.2,1009987,1,1,1,0,ゲキマイ
DX超性能フルメタル少女,MAS,14,14.3,1009466,1,1,0,0,VARIETY
"Lemegeton -little key of solomon-",MAS,14.5,14.9,1009198,1,1,0,0,VARIETY
"BUCHiGiRE Berserker",MAS,14.5,14.8,1009932,1,1,1,0,VARIETY
Wizdomiot,EXP,12,12.3,999629,1,0,0,0,東方Project
Wizdomiot,MAS,15,15,1009053,1,0,0,0,東方Project
"the EmpErroR",EXP,13,13.4,1004094,1,0,0,0,ゲキマイ
"the EmpErroR",MAS,14.5,14.9,1008375,1,0,0,0,ゲキマイ
"Good bye, Merry-Go-Round.",EXP,12.5,12.5,1009459,1,1,0,0,ゲキマイ
"Good bye, Merry-Go-Round.",MAS,14.5,14.6,1009677,1,1,0,0,ゲキマイ
"おいでよ！ 高須らいむランド",ULT,14.5,14.5,1008735,1,0,0,0,ORIGINAL
"Athlete Killer ""Meteor""",MAS,14,14,1006537,1,0,0,0,ORIGINAL
Blazing:Storm,MAS,15,15,1008285,1,0,0,0,ORIGINAL
アンドロイドガール,EXP,10,10,1008890,1,1,0,0,niconico
アンドロイドガール,MAS,13.5,13.7,1009103,1,0,0,0,niconico
こちら、幸福安心委員会です。,EXP,11,11.1,989121,1,0,0,0,niconico
こちら、幸福安心委員会です。,MAS,13.5,13.9,1008816,1,0,0,0,niconico
"Earthquake Super Shock",MAS,12.5,12.8,1008940,1,1,0,0,東方Project
ポーカーフェイス,MAS,14,14.1,1009920,1,1,1,0,東方Project
"C & B",MAS,14,14,1009136,1,1,0,0,ORIGINAL
月詠に鳴る,MAS,14,14.4,1009961,1,1,1,0,ORIGINAL
"Blessed Rain",MAS,14.5,14.8,1007916,1,0,0,0,ORIGINAL
"Elemental Ethnic",EXP,12.5,12.5,1004366,1,0,0,0,ORIGINAL
"Elemental Ethnic",MAS,14.5,14.9,1008003,1,0,0,0,ORIGINAL
X7124,EXP,14,14.3,1008566,1,0,0,0,ORIGINAL
X7124,MAS,15,15.3,1005906,1,0,0,0,ORIGINAL
ここからはじまるプロローグ。,MAS,13.5,13.7,1009043,1,0,0,0,ゲキマイ
"BATTLE NO.1",MAS,14.5,14.9,1008582,1,0,0,0,VARIETY
"祈 -我ら神祖と共に歩む者なり-",EXP,14.5,14.5,1009945,1,1,1,0,ORIGINAL
"祈 -我ら神祖と共に歩む者なり-",MAS,15.5,15.7,1005375,1,0,0,0,ORIGINAL
クロートーと星の観測者,MAS,14,14,1009860,1,1,1,0,VARIETY
真千年女王,MAS,14.5,14.9,1009404,1,1,0,0,VARIETY
[CRYSTAL_ACCESS],MAS,14.5,14.6,1009434,1,1,0,0,ORIGINAL
ベースラインやってる？笑,MAS,14,14.2,1003925,1,0,0,0,VARIETY
董卓討つべし,MAS,14,14,1007931,1,0,0,0,VARIETY
セカイはまだ始まってすらいない,EXP,8.5,8.5,993610,1,0,0,0,niconico
セカイはまだ始まってすらいない,MAS,12,12.2,1009984,1,1,1,0,niconico
"TECHNOPOLIS 2085",EXP,12,12.1,1006512,1,0,0,0,ORIGINAL
"TECHNOPOLIS 2085",MAS,14.5,14.5,1009020,1,0,0,0,ORIGINAL
再生不能,MAS,14,14,1009869,1,1,1,0,ORIGINAL
アポカリプスに反逆の焔を焚べろ,EXP,13.5,13.7,1008354,1,1,0,0,ゲキマイ
アポカリプスに反逆の焔を焚べろ,MAS,15,15.1,1008693,1,0,0,0,ゲキマイ
AstrøNotes.,MAS,14.5,14.9,1009650,1,1,0,0,ゲキマイ
ヴィラン,EXP,9.5,9.5,998360,1,0,0,0,niconico
ヴィラン,MAS,13,13.2,996349,1,0,0,0,niconico
KING,EXP,9,9,988450,1,0,0,0,niconico
KING,MAS,12,12.3,1009953,1,1,1,2,niconico
セカイ,EXP,9.5,9.5,982075,1,0,0,0,niconico
セカイ,MAS,12.5,12.9,1009326,1,1,0,0,niconico
ローリンガール,EXP,9,9,1009880,1,1,1,0,niconico
ローリンガール,MAS,13,13.4,1007679,1,0,0,0,niconico
骸骨楽団とリリア,ULT,14.5,14.9,1008583,1,0,0,0,niconico
高音厨音域テスト,EXP,8.5,8.5,1002285,1,0,0,0,niconico
高音厨音域テスト,MAS,12,12,999981,1,0,0,0,niconico
"ナイト・オブ・ナイツ (かめりあ’s“ワンス・アポン・ア・ナイト”Remix)",EXP,10.5,10.9,1004766,1,0,0,0,東方Project
"ナイト・オブ・ナイツ (かめりあ’s“ワンス・アポン・ア・ナイト”Remix)",MAS,14,14.4,1009964,1,1,1,0,東方Project
"No Life Queen [DJ Command Remix]",MAS,13,13.4,1009964,1,1,1,0,東方Project
"Little ""Sister"" Bitch",MAS,13.5,13.9,1006139,1,0,0,0,東方Project
ホイホイ☆幻想ホロイズム,MAS,13.5,13.9,1009584,1,1,0,0,東方Project
"A Site De La Rue",MAS,15,15.1,1008427,1,1,0,0,VARIETY
"XL TECHNO -More Dance Remix-",MAS,14.5,14.5,1004520,1,0,0,0,VARIETY
CHAOS,EXP,10,10,1009985,1,1,1,0,VARIETY
二次元ドリームフィーバー,MAS,14,14,1009465,1,1,0,0,niconico
"SINister Evolution",MAS,14.5,14.9,1009573,1,1,0,0,VARIETY
"Crimson Phoenix",MAS,14.5,14.8,1008800,1,1,0,0,VARIETY
8OROCHI,MAS,14,14.4,1008532,1,0,0,0,VARIETY
ミュージック・リボルバー,MAS,14.5,14.6,1009912,1,1,1,2,VARIETY
REDRAVE,MAS,14,14,1009411,1,1,0,0,VARIETY
"BLUE ZONE",MAS,14.5,14.7,1009004,1,0,0,0,VARIETY
花たちに希望を,EXP,10.5,10.5,1009301,1,0,0,0,VARIETY
花たちに希望を,MAS,14,14.3,1007433,1,0,0,0,VARIETY
脳天直撃,EXP,13,13.3,985131,1,0,0,0,ゲキマイ
脳天直撃,MAS,15,15.1,1007973,1,0,0,0,ゲキマイ
封焔の135秒,EXP,13.5,13.7,1009367,1,1,0,0,ゲキマイ
封焔の135秒,MAS,15,15,1009754,1,1,0,0,ゲキマイ
UltraNeon,MAS,14,14.3,1009050,1,1,0,0,ORIGINAL
雪男,MAS,15,15.2,1008557,1,0,0,0,ORIGINAL
"Blazing Break",MAS,13.5,13.6,1009679,1,1,0,0,ORIGINAL
蜘蛛の糸,EXP,13.5,13.7,1007344,1,0,0,0,ORIGINAL
蜘蛛の糸,MAS,15,15.2,1005955,1,0,0,0,ORIGINAL
人生攻略☆Tips,MAS,11.5,11.9,1009881,1,1,1,0,ORIGINAL
ピュグマリオンの咒文,MAS,14,14.1,1009537,1,1,0,0,ORIGINAL
自分勝手Dazzling,MAS,12,12.3,1009933,1,1,1,0,ORIGINAL
"Yakumo >>JOINT STRUGGLE (2019 Update)",MAS,14.5,14.9,1009617,1,1,0,0,東方Project
神々が恋した幻想郷,MAS,14,14.4,1009298,1,0,0,0,東方Project
"Love & Justice",MAS,15,15.2,1008629,1,0,0,0,VARIETY
"《自戒》 ～ Paganelope",MAS,14.5,14.6,1007608,1,0,0,0,ORIGINAL
"《偏愛》 ～ Shattered Memories",MAS,14,14.4,1009964,1,1,1,0,ORIGINAL
Say!ファンファーレ!,MAS,12,12.2,1009983,1,1,1,0,POPS&ANIME
"Virtual to LIVE",MAS,11,11.3,1009992,1,1,1,0,POPS&ANIME
"Don't Fight The Music",EXP,12,12.3,1009475,1,1,0,0,ゲキマイ
"Don't Fight The Music",MAS,14.5,14.9,1008517,1,0,0,0,ゲキマイ
ポジティブ・パレード,MAS,12,12.4,1009973,1,1,1,0,niconico
Kattobi舞高Riders,MAS,13.5,13.7,1007029,1,0,0,0,イロドリミドリ
UTAKATA,MAS,12.5,12.9,1008403,1,0,0,0,ゲキマイ
"Rule the World!!",MAS,14,14,981963,1,0,0,0,ゲキマイ
Radiance,EXP,10.5,10.5,1002540,1,0,0,0,ゲキマイ
Radiance,MAS,13.5,13.9,1009975,1,1,1,0,ゲキマイ
#FairyJoke,MAS,14,14.1,1009981,1,1,1,0,東方Project
NewStartでReadyGo!,MAS,12,12,1009521,1,1,0,0,イロドリミドリ
Qliphothgear,EXP,13,13.4,1006228,1,0,0,0,ORIGINAL
Qliphothgear,MAS,14.5,14.5,1009906,1,1,1,0,ORIGINAL
SQUAD-Phvntom-,MAS,14.5,14.5,1009491,1,1,0,0,ORIGINAL
parvorbital,EXP,13,13,1006146,1,0,0,0,ORIGINAL
parvorbital,MAS,15,15.3,1007844,1,0,0,0,ORIGINAL
"Strange Love",MAS,15,15.3,1005720,1,0,0,0,ORIGINAL
"Akasagarbha -reincarnate-",MAS,14.5,14.5,1009242,1,1,0,0,VARIETY
88D,MAS,14,14.1,1008509,1,1,0,0,VARIETY
"Tuk Tuk Boshi",MAS,14.5,14.8,1008503,1,0,0,0,VARIETY
プナイプナイたいそう,MAS,14,14.4,1006992,1,0,0,0,VARIETY
"多重未来のカルテット -Quartet Theme-",MAS,13.5,13.7,1009376,1,0,0,0,niconico
"Iudicium “Apocalypsis Mix”",MAS,14,14.4,1006617,1,0,0,0,ゲキマイ
IMPACT,EXP,12.5,12.9,1009583,1,1,0,0,ORIGINAL
IMPACT,MAS,14.5,14.5,1009685,1,0,0,0,ORIGINAL
MEGALOVANIA,MAS,14,14,1009925,1,1,1,0,VARIETY
NightTheater,EXP,11.5,11.8,1009981,1,1,1,0,VARIETY
NightTheater,MAS,14.5,14.5,1009538,1,1,0,0,VARIETY
ピアノ協奏曲第１番”蠍火”,EXP,14,14.2,1007488,1,1,0,0,VARIETY
ピアノ協奏曲第１番”蠍火”,MAS,15.5,15.5,1004502,1,0,0,0,VARIETY
天火明命,MAS,14,14,1009040,1,0,0,0,ゲキマイ
"Blows Up Everything",MAS,14,14.2,1009527,1,0,0,0,ゲキマイ
Baqeela,MAS,14,14.1,1009933,1,1,1,2,ゲキマイ
花と、雪と、ドラムンベース。,MAS,14.5,14.6,1008024,1,0,0,0,ゲキマイ
グッバイ宣言,EXP,9,9,1003097,1,0,0,0,niconico
グッバイ宣言,MAS,12,12.3,995753,1,0,0,0,niconico
テレキャスタービーボーイ,EXP,9.5,9.5,1004335,1,0,0,0,niconico
テレキャスタービーボーイ,MAS,12.5,12.6,992156,1,0,0,0,niconico
ボッカデラベリタ,MAS,13,13.2,1008472,1,0,0,0,niconico
"Cinderella Story [BlackY Remix]",MAS,14,14.1,1009943,1,1,1,0,東方Project
"妖々跋扈　～ Who done it！！！",MAS,14,14.4,1009966,1,1,1,0,東方Project
"Starting Over",MAS,13.5,13.7,1005142,1,0,0,0,イロドリミドリ
POTENTIAL,EXP,14,14,1009428,1,1,0,0,ORIGINAL
POTENTIAL,MAS,15,15.3,1008436,1,0,0,0,ORIGINAL
まっすぐ→→→ストリーム！,MAS,13,13.1,1009480,1,0,0,0,ゲキマイ
Valsqotch,EXP,13.5,13.5,1005734,1,0,0,0,ゲキマイ
Valsqotch,MAS,14.5,14.5,1009143,1,0,0,0,ゲキマイ
J219,MAS,14.5,14.5,1009439,1,1,0,0,VARIETY
Titania,EXP,13.5,13.8,1009987,1,1,1,0,ゲキマイ
Titania,MAS,14.5,14.9,1009379,1,0,0,0,ゲキマイ
モア！ジャンプ！モア！,EXP,9.5,9.5,1001518,1,0,0,0,niconico
モア！ジャンプ！モア！,MAS,13,13.2,1009989,1,1,1,0,niconico
携帯恋話,MAS,13.5,13.7,1009892,1,1,1,0,niconico
初音天地開闢神話,EXP,13.5,13.6,1008147,1,1,0,0,niconico
初音天地開闢神話,MAS,14.5,14.8,1008944,1,0,0,0,niconico
ENDYMION,ADV,12.5,12.5,1007854,1,0,0,0,VARIETY
ENDYMION,EXP,14.5,14.5,1009651,1,1,1,0,VARIETY
ENDYMION,MAS,15,15.3,1006616,1,0,0,0,VARIETY
竹,MAS,14.5,14.9,1008058,1,0,0,0,VARIETY
Be4Step,ADV,6,6,132735,0,0,0,0,ORIGINAL
"Everlasting Liberty",EXP,13.5,13.6,1009050,1,1,0,0,ORIGINAL
"Everlasting Liberty",MAS,14.5,14.7,1009932,1,1,1,0,ORIGINAL
"とびだせ！TO THE COSMIC!!",MAS,13.5,13.5,1009990,1,1,1,2,ゲキマイ
星めぐり、果ての君へ。,MAS,12.5,12.7,1009387,1,1,0,0,ゲキマイ
モ°ルモ°ル,MAS,14,14.1,1009358,1,0,0,0,ゲキマイ
蒼穹舞楽,MAS,14,14.4,1009422,1,1,0,0,ゲキマイ
Komplexe,EXP,10.5,10.5,999206,1,0,0,0,ゲキマイ
Komplexe,MAS,14,14.3,1008939,1,0,0,0,ゲキマイ
愛のシンギュラリティ,MAS,13.5,13.7,1005044,1,0,0,0,ORIGINAL
アナタニナルノ,EXP,10,10.4,1009992,1,1,1,0,ORIGINAL
アナタニナルノ,MAS,13,13.4,1007520,1,0,0,0,ORIGINAL
"A Man In The Mirror",MAS,15,15.1,1008189,1,1,0,0,ゲキマイ
"舞高最強ドリームセッション!!!!! ～180秒一曲勝負～",EXP,10,10.4,1007126,1,0,0,0,イロドリミドリ
"舞高最強ドリームセッション!!!!! ～180秒一曲勝負～",MAS,13,13.4,1009604,1,0,0,0,イロドリミドリ
HERA,MAS,15,15,1009708,1,1,1,0,ゲキマイ
"I'll make you Super Rock Star",MAS,14,14,1008599,1,0,0,0,ORIGINAL
Reverberate,MAS,15,15.2,1006083,1,0,0,0,ORIGINAL
"Scythe of Death",MAS,15,15.2,1005853,1,0,0,0,ORIGINAL
吉原ラメント,MAS,12,12.2,1009638,1,1,0,0,niconico
フォニイ,MAS,12.5,12.8,1006193,1,0,0,0,niconico
"Re：End of a Dream",MAS,15,15.1,1009652,1,1,0,0,VARIETY
"僕らのFreedom DiVE↓",MAS,14,14.1,1007605,1,0,0,0,イロドリミドリ
色彩過剰のダイアリーミュージック,MAS,14.5,14.7,1009392,1,1,0,0,イロドリミドリ
"Last Kingdom",MAS,14,14.1,1009962,1,1,1,0,ゲキマイ
過去を喰らう,MAS,12.5,12.9,1009975,1,1,1,0,POPS&ANIME
"QZKago Requiem",MAS,15,15,1008020,1,0,0,0,ゲキマイ
#SUP3RORBITAL,MAS,14.5,14.9,1009690,1,1,0,0,ORIGINAL
"WE'RE BACK!!",MAS,14.5,14.6,1009682,1,1,0,0,ORIGINAL
Brightness,EXP,12,12,1009874,1,1,1,0,ORIGINAL
Brightness,MAS,14,14.2,1009387,1,1,0,0,ORIGINAL
"Λzure Vixen",EXP,13.5,13.8,1008602,1,0,0,0,ORIGINAL
"Λzure Vixen",MAS,15.5,15.5,1004395,1,0,0,0,ORIGINAL
最っ高のエンタメだ!!,MAS,13,13,1009697,1,1,0,0,ゲキマイ
GODLINESS,MAS,14,14.2,1009145,1,0,0,0,ゲキマイ
ホーリーサンバランド,MAS,15,15,1009028,1,0,0,0,VARIETY
"MALKUTH -The Last Ruler of Terrestrials-",EXP,14.5,14.5,1009946,1,1,1,0,ORIGINAL
"MALKUTH -The Last Ruler of Terrestrials-",MAS,15.5,15.6,1003865,1,0,0,0,ORIGINAL
"DA'AT -The First Seeker of Souls-",EXP,14,14.3,1008960,1,0,0,0,ORIGINAL
"DA'AT -The First Seeker of Souls-",MAS,15.5,15.6,1006282,1,0,0,0,ORIGINAL
"Music Evolution",MAS,13,13,1008512,1,0,0,0,東方Project
BlackFlagBreaker!!,MAS,14,14,1009699,1,1,0,0,POPS&ANIME
レッド・ルーラー,MAS,13.5,13.7,1008425,1,0,0,0,POPS&ANIME
"いただきバベル (Prod. ケンモチヒデフミ)",MAS,13,13,1006400,1,0,0,0,POPS&ANIME
神っぽいな,EXP,9.5,9.5,1009974,1,1,1,0,niconico
神っぽいな,MAS,12.5,12.5,1009756,1,1,1,0,niconico
トンデモワンダーズ,MAS,13.5,13.7,1008764,1,1,0,0,niconico
スカーレット警察のゲットーパトロール24時,MAS,13.5,13.9,995465,1,0,0,0,東方Project
Random,EXP,10,10,1009023,1,0,0,0,VARIETY
Random,MAS,14,14.4,1008175,1,0,0,0,VARIETY
"超Rock The Party",MAS,13,13.3,1009981,1,1,1,0,イロドリミドリ
TEmPTaTiON,EXP,13.5,13.5,1008473,1,0,0,0,ゲキマイ
TEmPTaTiON,MAS,15,15,1009444,1,0,0,0,ゲキマイ
"Falsum Atlantis.",MAS,15,15,1009842,1,1,1,0,ゲキマイ
ミラージュ・フレイグランス,MAS,14,14.3,1009913,1,1,1,0,ゲキマイ
インパアフェクシオン・ホワイトガアル,MAS,14,14.1,1006329,1,0,0,0,ORIGINAL
ガチ恋ラビリンス,MAS,14,14,1009504,1,0,0,0,ORIGINAL
CELERITAS,MAS,14.5,14.5,1008178,1,0,0,0,ORIGINAL
グラウンドスライダー協奏曲第一番「風唄」,EXP,14,14,1007546,1,0,0,0,ORIGINAL
グラウンドスライダー協奏曲第一番「風唄」,MAS,15.5,15.6,989130,1,0,0,0,ORIGINAL
"One Room Sky",MAS,13.5,13.5,1009950,1,1,1,0,ORIGINAL
Revived,MAS,14,14.2,1008480,1,0,0,0,東方Project
Armageddon,EXP,13,13.3,1009159,1,1,0,0,東方Project
Armageddon,MAS,15,15.1,1009354,1,1,0,0,東方Project
田中,MAS,14.5,14.7,1008712,1,0,0,0,VARIETY
"Girl's Party Planet!",MAS,11.5,11.7,1009924,1,1,1,0,ゲキマイ
"Viyella's Scream",EXP,13.5,13.6,1008282,1,0,0,0,ゲキマイ
"Viyella's Scream",MAS,15,15.1,1006235,1,0,0,0,ゲキマイ
"Desperado Waltz",MAS,14.5,14.6,1008946,1,0,0,0,ゲキマイ
HiGHER,MAS,13.5,13.9,1009949,1,1,1,0,VARIETY
めっちゃ煽ってくるタイプの音ゲーボス曲ちゃんなんかに負けないが？？？？？,MAS,14.5,14.5,1009060,1,0,0,0,VARIETY
"Breaking Dawn (feat. 棗いつき)",MAS,13,13.3,1009995,1,1,1,0,VARIETY
Odin,MAS,15,15.1,1009471,1,1,0,0,VARIETY
Wildfire,MAS,14.5,14.5,1009530,1,1,0,0,VARIETY
ステラ,MAS,13,13.1,1009969,1,1,1,0,niconico
"Ready Steady",MAS,13,13.1,1009848,1,1,1,0,niconico
群青讃歌,MAS,12,12.3,1010000,1,1,1,0,niconico
マーシャル・マキシマイザー,MAS,13.5,13.8,1009980,1,1,1,0,niconico
"Advance（CHUNITHM edit）",MAS,13.5,13.8,1006092,1,0,0,0,VARIETY
任せてJC陰陽師☆八雲ちゃん,MAS,13,13.3,1009995,1,1,1,2,ORIGINAL
†大闘士＝クライン・フォーゲル・シュピール＝えりか†,MAS,14.5,14.6,1009479,1,1,0,0,ORIGINAL
シンデレラ,MAS,12,12.1,1006699,1,0,0,0,niconico
アニマル,EXP,9.5,9.5,1003242,1,0,0,0,niconico
アニマル,MAS,13,13.3,1007468,1,0,0,0,niconico
パラサイト,MAS,12.5,12.5,1009168,1,1,0,0,niconico
きゅうくらりん,MAS,13.5,13.7,1008203,1,0,0,0,niconico
生きる,MAS,13,13.1,1005959,1,0,0,0,niconico
"MAIGAHARA パンチラインキッカーズ",MAS,13,13,1009385,1,1,0,0,イロドリミドリ
エータ・ベータ・イータ,MAS,14.5,14.8,1009954,1,1,1,0,ゲキマイ
irony,MAS,11.5,11.7,1009276,1,1,0,0,POPS&ANIME
全人類ノ非想天則,MAS,13,13.4,1009934,1,1,1,0,東方Project
"U&iVERSE -銀河鸞翔-",MAS,14,14.4,1009332,1,1,0,0,ゲキマイ
RELOAD,MAS,14,14.4,1009365,1,0,0,0,ゲキマイ
スティールユー,MAS,12.5,12.8,1010000,1,1,1,0,niconico
痛快リズムアクション「B.B.K.K.B.K.K.」,MAS,14,14.2,1009357,1,1,0,0,イロドリミドリ
"SUPER AMBULANCE",MAS,14.5,14.5,1008547,1,0,0,0,ゲキマイ
盟月,MAS,14.5,14.9,1009060,1,0,0,0,ORIGINAL
"Disruptor Array",EXP,14,14.4,1009727,1,1,1,0,ORIGINAL
"Disruptor Array",MAS,15,15.3,1008080,1,0,0,0,ORIGINAL
Daphnis,EXP,14,14.4,1008357,1,0,0,0,ORIGINAL
Daphnis,MAS,15.5,15.6,1002272,1,0,0,0,ORIGINAL
"To：Be Continued",EXP,14,14.3,1009960,1,1,1,2,ORIGINAL
"To：Be Continued",MAS,15.5,15.5,1007887,1,0,0,0,ORIGINAL
フューチャー・イヴ,MAS,13.5,13.9,1009457,1,1,0,0,niconico
"FLUFFY FLASH",MAS,14.5,14.7,1009933,1,1,1,0,ゲキマイ
Alexandrite,MAS,14,14.4,1009976,1,1,1,0,VARIETY
"PRAGMATISM -RESURRECTION-",MAS,14,14.3,1007389,1,0,0,0,VARIETY
"Alice's Suitcase",EXP,9.5,9.5,1008651,1,0,0,0,VARIETY
Sheriruth,MAS,14.5,14.9,1009858,1,1,1,0,VARIETY
"STARRED HEART",MAS,12,12.4,1009977,1,1,1,0,ゲキマイ
幻想即興曲,MAS,15,15.1,1001751,1,0,0,0,VARIETY
月の光,MAS,14.5,14.7,1004039,1,0,0,0,VARIETY
「四季」より「冬」,MAS,14,14.4,1008386,1,0,0,0,VARIETY
"Moon of Noon",MAS,14,14.4,1007487,1,0,0,0,ゲキマイ
4月1日でございました,MAS,14.5,14.8,1008001,1,0,0,0,ORIGINAL
五等分のカタチ,MAS,11,11.3,1009983,1,1,1,0,POPS&ANIME
魔法少女とチョコレゐト,MAS,13,13,1009894,1,1,1,0,niconico
少女レイ,MAS,12,12.3,1009963,1,1,1,0,niconico
超常マイマイン,MAS,12,12,557040,0,0,0,0,ゲキマイ
"VIIIbit Explorer",MAS,14,14.3,1009960,1,1,1,2,ゲキマイ
MAXRAGE,MAS,14,14.3,1009748,1,1,0,0,ゲキマイ
Resolution,MAS,13.5,13.9,1009982,1,1,1,0,ゲキマイ
ヒストリー×ブレイカー,MAS,13,13,1009291,1,0,0,0,ゲキマイ
"Ruler Count, Zero",MAS,13,13.4,1008278,1,0,0,0,ゲキマイ
アマツカミ,EXP,11,11,1009551,1,1,0,0,ゲキマイ
アマツカミ,MAS,14,14.2,1009272,1,0,0,0,ゲキマイ
"Let you DIVE!",MAS,12,12,1010000,1,1,1,0,VARIETY
"Knight Rider",EXP,12.5,12.8,1001644,1,0,0,0,VARIETY
"Knight Rider",MAS,14,14.2,1009940,1,1,1,0,VARIETY
ADAM,MAS,14,14.1,1009697,1,1,0,0,VARIETY
Exitium,EXP,13,13.4,1008269,1,0,0,0,VARIETY
Exitium,MAS,14.5,14.9,1008919,1,0,0,0,VARIETY
eden,MAS,15,15,1008276,1,0,0,0,VARIETY
"INTERNET OVERDOSE",MAS,13,13,1009967,1,1,1,0,POPS&ANIME
"刃渡り2億センチ(TV edit)",MAS,14.5,14.6,1008433,1,0,0,0,POPS&ANIME
おとせサンダー,EXP,9.5,9.5,1009977,1,1,1,0,POPS&ANIME
もぺもぺ,MAS,14,14.2,1006223,1,0,0,0,VARIETY
neu,MAS,15,15,1007651,1,0,0,0,VARIETY
雷切-RAIKIRI-,MAS,14.5,14.9,1009600,1,1,0,0,ゲキマイ
LAMIA,EXP,14,14.1,1010000,1,1,1,0,ゲキマイ
LAMIA,MAS,15,15.3,1005673,1,0,0,0,ゲキマイ
オンソクデイズ!!,MAS,14.5,14.9,1009914,1,1,1,0,ゲキマイ
ウルガレオン,MAS,14.5,14.7,1009346,1,0,0,0,ORIGINAL
やめらんないな!,MAS,12,12.2,1008832,1,0,0,0,ORIGINAL
"Dive a Wave",MAS,12.5,12.9,1007511,1,0,0,0,ORIGINAL
ASH,MAS,14,14,1009458,1,1,0,0,ORIGINAL
Makear,EXP,14,14,1008657,1,0,0,0,ORIGINAL
Makear,MAS,15.5,15.5,1005542,1,0,0,0,ORIGINAL
プライマリー進化論,MAS,12.5,12.6,1009974,1,1,1,0,イロドリミドリ
フリーフォール,MAS,14,14,1009932,1,1,1,0,VARIETY
"Invisible Frenzy",MAS,15,15.2,1008131,1,0,0,0,VARIETY
Quon,MAS,13.5,13.8,1009971,1,1,1,2,VARIETY
"Snow Colored Score",ULT,14,14.4,1009291,1,0,0,0,イロドリミドリ
LiftOff,MAS,14.5,14.7,1008313,1,0,0,0,ゲキマイ
Hydra,EXP,11.5,11.5,1009944,1,1,1,0,VARIETY
Hydra,MAS,14,14.4,1008690,1,0,0,0,VARIETY
Survive,EXP,11,11.2,1009957,1,1,1,0,VARIETY
シンデレラディスコ,MAS,12,12.3,1009940,1,1,1,0,ゲキマイ
うたかたのせかいで,MAS,14.5,14.8,1009065,1,1,0,0,ORIGINAL
とあちゃんのおもちゃ箱,MAS,14.5,14.9,1001447,1,0,0,0,ORIGINAL
白庭,MAS,14,14.3,1009966,1,1,1,0,ORIGINAL
"REL0VE REL1VE",MAS,13.5,13.9,1009954,1,1,1,0,ORIGINAL
deadeye,MAS,14.5,14.7,1009940,1,1,1,0,ORIGINAL
Aiolos,MAS,15,15,1008283,1,0,0,0,ゲキマイ
花となれ,MAS,11.5,11.9,1009843,1,1,1,0,niconico
カノン,MAS,12.5,12.8,1009154,1,0,0,0,niconico
異星にいこうね,MAS,13,13.2,1009297,1,1,0,0,niconico
夏色花火,MAS,11,11.3,1008464,1,0,0,0,ゲキマイ
夢と幻想の終点にて,MAS,14,14.1,1009008,1,0,0,0,ORIGINAL
Superbia,MAS,14.5,14.9,1008782,1,0,0,0,ORIGINAL
空間創造理論,MAS,14.5,14.6,1009241,1,0,0,0,ORIGINAL
βlαnoir,EXP,13.5,13.8,1009314,1,0,0,0,ORIGINAL
βlαnoir,MAS,15,15.4,1007531,1,0,0,0,ORIGINAL
"Cult future",MAS,15,15,1007916,1,0,0,0,ゲキマイ
"Night Spider",MAS,13,13.1,1009966,1,1,1,0,POPS&ANIME
#あくあ色ぱれっと,MAS,11.5,11.8,1009994,1,1,1,0,POPS&ANIME
story,MAS,13.5,13.7,1009108,1,1,0,0,POPS&ANIME
セガサターン起動音[H.][Remix],MAS,14,14,1007699,1,0,0,0,VARIETY
スン(マイル)フラワー～Sun(Mile)Flower,MAS,12.5,12.5,1009969,1,1,1,0,ゲキマイ
あなたは世界の終わりにずんだを食べるのだ,MAS,12.5,12.7,1007775,1,0,0,0,niconico
snooze,MAS,13.5,13.9,1009948,1,1,1,0,niconico
"Vibes 2k20",MAS,14,14.4,1009950,1,1,1,0,ゲキマイ
"《真紅》 ～ Pavane Pour La Flamme",MAS,14,14.1,1008775,1,0,0,0,ORIGINAL
"《楽土》 ～ One and Only One",MAS,13.5,13.6,1006265,1,0,0,0,ORIGINAL
"《散華》 ～ EMBARK",MAS,13,13.4,1008980,1,0,0,0,ORIGINAL
"《慈雨》 ～ La Symphonie de Salacia: Agony Movement",MAS,14,14,1007677,1,0,0,0,ORIGINAL
"《創造》 ～ Cries, beyond The End",EXP,13.5,13.7,1008442,1,0,0,0,ORIGINAL
"《創造》 ～ Cries, beyond The End",MAS,15,15.1,1008326,1,0,0,0,ORIGINAL
"反撃! 突撃! Back To Back!",MAS,13,13,1008168,1,0,0,0,ゲキマイ
Λlteration,MAS,14,14.3,1007916,1,0,0,0,イロドリミドリ
Regulus,MAS,14,14.4,1008063,1,0,0,0,ゲキマイ
"Chaotic Ørder",EXP,14,14.3,1008935,1,1,0,0,ORIGINAL
"Chaotic Ørder",MAS,15.5,15.6,1000616,1,0,0,0,ORIGINAL
ぽかぽか温泉音頭,MAS,12,12.1,1009466,1,1,0,0,ゲキマイ
sølips,EXP,13.5,13.6,1009914,1,1,1,0,ゲキマイ
sølips,MAS,15,15.3,1006520,1,0,0,0,ゲキマイ
"GEOMETRIC DANCE",MAS,14.5,14.7,1008927,1,0,0,0,ゲキマイ
Singularity,MAS,15,15.1,1008515,1,0,0,0,ゲキマイ
ワンダーシャッフェンの法則,MAS,14,14,1004525,1,0,0,0,ゲキマイ
Yorugao,MAS,14.5,14.9,1007053,1,0,0,0,ゲキマイ
ALIVE,MAS,12.5,12.6,1009992,1,1,1,0,POPS&ANIME
"トウキョウ・シャンディ・ランデヴ feat. 花譜, ツミキ",MAS,13,13.3,1005393,1,0,0,0,POPS&ANIME
さくゆいたいそう,EXP,9.5,9.5,1009991,1,1,1,0,POPS&ANIME
さくゆいたいそう,MAS,11.5,11.7,1010000,1,1,1,0,POPS&ANIME
アイデン貞貞メルトダウン,MAS,11.5,11.9,1009846,1,1,1,0,POPS&ANIME
ひめごと＊クライシスターズ,MAS,13,13,1009912,1,1,1,0,POPS&ANIME
"Stellar Stellar",BAS,3,3,1009969,1,1,1,0,POPS&ANIME
"Stellar Stellar",ADV,6,6,1009968,1,1,1,0,POPS&ANIME
"Stellar Stellar",EXP,10,10.2,1009982,1,1,1,0,POPS&ANIME
"Stellar Stellar",MAS,13.5,13.9,1009943,1,1,1,0,POPS&ANIME
不可解,MAS,12.5,12.7,1009355,1,0,0,0,POPS&ANIME
海に化ける,MAS,13,13,1009965,1,1,1,0,POPS&ANIME
パラレルサーチライト,MAS,13,13.1,1009671,1,1,0,0,POPS&ANIME
"INTERNET YAMERO",MAS,14,14,1009989,1,1,1,0,POPS&ANIME
ラブカ？,MAS,13.5,13.5,1009936,1,1,1,0,niconico
星界ちゃんと可不ちゃんのおつかい合騒曲,MAS,14,14.3,1009718,1,1,0,0,niconico
"Beat Eater",MAS,13,13.2,1009927,1,1,1,0,niconico
"Glory Steady Go!",MAS,12.5,12.7,1009914,1,1,1,0,niconico
ロウワー,MAS,13.5,13.7,1009941,1,1,1,0,niconico
てらてら,MAS,12.5,12.8,1009905,1,1,1,0,niconico
天使のクローバー,MAS,12.5,12.8,1009981,1,1,1,0,niconico
イナイイナイ依存症,MAS,14,14.2,1009322,1,1,0,0,niconico
バグ,MAS,13.5,13.6,1009918,1,1,1,0,niconico
ミラクルペイント,MAS,12,12.3,1009977,1,1,1,2,niconico
ブラック★ロックシューター,MAS,12,12,1009907,1,1,1,0,niconico
ヒアソビ,MAS,13.5,13.6,1008521,1,0,0,0,niconico
インターネットサバイバー,MAS,13,13,1010000,1,1,1,0,東方Project
"ユックリ feat.餅千歳",MAS,12.5,12.8,1009545,1,1,0,0,東方Project
本物のヒーローとの戦い,MAS,14.5,14.6,1009969,1,1,1,0,VARIETY
華麗なる死闘,MAS,13.5,13.6,1008825,1,0,0,0,VARIETY
"Blow My Mind",MAS,14,14,1009994,1,1,1,0,VARIETY
"Jakarta PROGRESSION",EXP,12,12.1,1009933,1,1,1,0,VARIETY
"Jakarta PROGRESSION",MAS,14,14.2,1009461,1,1,0,0,VARIETY
VALLIS-NERIA,MAS,14.5,14.6,1009964,1,1,1,0,VARIETY
"Big Bang",MAS,15,15.1,1008835,1,1,0,0,VARIETY
Spasmodic,MAS,14.5,14.6,1009374,1,1,0,0,VARIETY
ΩΩPARTS,EXP,13.5,13.6,1009901,1,1,1,0,VARIETY
ΩΩPARTS,MAS,15,15.2,1008208,1,0,0,0,VARIETY
"ENERGY SYNERGY MATRIX",MAS,14,14.2,1009891,1,1,1,2,VARIETY
"New York Back Raise",MAS,14,14.3,1009446,1,1,0,0,VARIETY
D-Birth,MAS,13.5,13.5,1008173,1,0,0,0,VARIETY
"GIGA BLAST",MAS,15,15.1,1009265,1,1,0,0,VARIETY
Longinus,MAS,14.5,14.9,1009588,1,1,0,0,VARIETY
Ωκεανος,MAS,14,14.1,1009604,1,1,0,2,VARIETY
"Love's Theme of BADASS ～バッド・アス 愛のテーマ～",MAS,14,14.4,1008437,1,0,0,0,VARIETY
"Burn it All",MAS,14.5,14.8,1007511,1,0,0,0,VARIETY
"Stronghold LandEater",MAS,13.5,13.8,1008677,1,0,0,0,VARIETY
MuseDashを作っているPeroPeroGamesさんが倒産しちゃったよ～,MAS,14.5,14.5,1009491,1,0,0,0,VARIETY
"Rush B",MAS,13.5,13.7,1009084,1,0,0,0,VARIETY
Cthugha,MAS,14.5,14.8,1008939,1,0,0,0,VARIETY
ラビットランド・メッセンジャー,MAS,13,13.1,1009247,1,1,0,0,イロドリミドリ
オン×ステージ！,MAS,12,12.3,1008905,1,0,0,0,ゲキマイ
MarbleBlue.,MAS,15,15.2,1007760,1,1,0,0,ゲキマイ
Sage,EXP,13,13.2,1009967,1,1,1,0,ゲキマイ
Sage,MAS,14.5,14.7,1009583,1,1,0,0,ゲキマイ
Mutation,MAS,15,15.1,1009840,1,1,1,0,ゲキマイ
"Adverse Gaff",MAS,14.5,14.9,1009080,1,0,0,0,ゲキマイ
四月の雨,MAS,13.5,13.9,1006352,1,0,0,0,ゲキマイ
"Jump!! Jump!! Jump!!",MAS,12.5,12.7,1009990,1,1,1,0,ゲキマイ
Prominence,MAS,14,14.4,1009110,1,0,0,0,ゲキマイ
"Stargazing Dreamer",MAS,14.5,14.9,1009914,1,1,1,0,ゲキマイ
"Beautiful Future",MAS,13.5,13.7,1009967,1,1,1,0,ゲキマイ
Alcyone,MAS,14.5,14.6,1009900,1,1,1,0,ゲキマイ
少女PastQ,MAS,11.5,11.5,1009939,1,1,1,0,ORIGINAL
君と夏色っ！～わんダフルバケーション～,MAS,12.5,12.9,1009632,1,1,0,0,ORIGINAL
MyPaceInvention,MAS,12,12.2,1008584,1,0,0,0,ORIGINAL
colorful,MAS,13,13,1009678,1,1,0,0,ORIGINAL
ZegalltA,MAS,15,15.2,1008637,1,0,0,0,ORIGINAL
ウニの歌,MAS,14.5,14.6,1009276,1,0,0,0,ORIGINAL
驚異の魔法,MAS,13.5,13.8,1007678,1,0,0,0,ORIGINAL
liberate,MAS,13,13.2,1009019,1,0,0,0,ORIGINAL
"lucky omen",MAS,13.5,13.5,1008222,1,0,0,0,ORIGINAL
"Sunlight Starlight",MAS,14,14.1,1008878,1,0,0,0,ORIGINAL
ワーカーホリック,MAS,13,13.1,1007632,1,0,0,0,ORIGINAL
Overturn,MAS,14,14.3,1010000,1,1,1,0,ORIGINAL
"First Light",MAS,13.5,13.7,1005736,1,0,0,0,ORIGINAL
ラストピースに祝福と栄光を,EXP,14,14.3,1008487,1,0,0,0,ORIGINAL
ラストピースに祝福と栄光を,MAS,15.5,15.5,1002711,1,0,0,0,ORIGINAL
"crazy (about you)",MAS,14,14.1,1009927,1,1,1,0,ORIGINAL
Dèfandour,MAS,14.5,14.5,1009152,1,1,0,0,ORIGINAL
"Ultimate Force",EXP,14,14.4,1009924,1,1,1,0,ORIGINAL
"Ultimate Force",MAS,15.5,15.6,1007704,1,0,0,0,ORIGINAL
"SILENT BLUE",MAS,14,14.2,1008490,1,0,0,0,ゲキマイ
勇者,MAS,13,13.1,1009415,1,0,0,0,POPS&ANIME
"ÅMARA (大未来電脳)",MAS,14.5,14.8,1008120,1,0,0,0,niconico
マツヨイナイトバグ,MAS,14,14.3,1009952,1,1,1,0,東方Project
Rrhar'il,MAS,15,15.1,1009116,1,0,0,0,VARIETY
ヒュブリスの頂に聳えるのは,MAS,14.5,14.9,1009724,1,1,0,0,VARIETY
Stardust:RAY,MAS,15,15.3,1005622,1,0,0,0,ゲキマイ
HECATONCHEIR,MAS,14,14.1,1009983,1,1,1,0,ゲキマイ
其のエメラルドを見よ,MAS,15,15.1,1008389,1,1,0,0,ゲキマイ
バッドトリッパー,MAS,12,12,1009935,1,1,1,0,ORIGINAL
幻想ロードオブキング,MAS,14.5,14.9,1009766,1,1,0,0,ORIGINAL
イーヴィルガール,MAS,14,14,1009994,1,1,1,0,ORIGINAL
わたしはオッセルヴァトリーチェ！,MAS,13,13.4,1008908,1,0,0,0,ORIGINAL
優勝Princess♡,MAS,13,13.3,1008066,1,0,0,0,ORIGINAL
リ・フィクション・O,MAS,15,15.3,1007626,1,0,0,0,ORIGINAL
匿名M,MAS,13,13.4,1006528,1,0,0,0,niconico
DRE4M1N9,MAS,13.5,13.7,1008927,1,1,0,0,ORIGINAL
Overhea[r]t,MAS,14.5,14.5,1009962,1,1,1,2,ORIGINAL
"Malleus Maleficarum",MAS,14.5,14.8,1009335,1,0,0,0,ORIGINAL
"Elusive Enforcer",MAS,14,14.3,1009956,1,1,1,0,ORIGINAL
黎命に殉ず,MAS,15,15.1,1009213,1,1,0,0,ORIGINAL
ReCoda,MAS,12,12.3,1009954,1,1,1,0,POPS&ANIME
チューリングの跡,EXP,14,14,1009950,1,1,1,0,ゲキマイ
チューリングの跡,MAS,15,15.1,1009810,1,1,1,0,ゲキマイ
"NIGHTWAVE FRAGMENTS",MAS,14,14.2,1009966,1,1,1,0,VARIETY
"Joe Fight",MAS,14,14.3,1009690,1,1,0,0,VARIETY
"Poppin' Dream",MAS,13.5,13.7,1010000,1,1,1,0,VARIETY
"Make Up Your World feat. キョンシーのCiちゃん & らっぷびと",MAS,13,13.3,1009945,1,1,1,0,VARIETY
"Latent Kingdom",MAS,15,15.1,1009067,1,1,0,0,ゲキマイ
壱雫空,MAS,14,14,1009992,1,1,1,0,POPS&ANIME
迷星叫,MAS,12.5,12.6,1010000,1,1,1,0,POPS&ANIME
スコーピオンガールの貴重な捕食シーン,MAS,14,14.1,1009713,1,1,0,0,niconico
ずんだパーリナイ,MAS,13.5,13.5,1009466,1,0,0,0,niconico
Dramatic…?,MAS,14,14.2,1009677,1,1,0,0,ゲキマイ
X.Y.Z.,MAS,13,13,1009199,1,0,0,0,ORIGINAL
コメクエスト,MAS,13.5,13.5,1009377,1,0,0,0,ORIGINAL
おしゃまなプリンセス,MAS,14.5,14.5,1009073,1,0,0,0,ORIGINAL
ソーシャルワンダーランド,MAS,14.5,14.5,1009966,1,1,1,0,ORIGINAL
マシンガンポエムドール,EXP,13.5,13.8,1009981,1,1,1,0,niconico
マシンガンポエムドール,MAS,15,15.1,1009256,1,1,0,0,niconico
"Death Doll",MAS,14,14,1009949,1,1,1,2,ゲキマイ
"Lovely Lovely Lover",MAS,14,14,1009967,1,1,1,0,ORIGINAL
"Fire Engine73",MAS,13.5,13.9,1008620,1,0,0,0,ORIGINAL
LibrariA,MAS,15,15.2,1009491,1,1,0,0,ORIGINAL
"Tuatha Dé Danann",EXP,14,14.3,1009540,1,0,0,0,ORIGINAL
"Tuatha Dé Danann",MAS,15.5,15.5,1008274,1,0,0,0,ORIGINAL
MeteorSnow,EXP,13.5,13.7,1009995,1,1,1,0,ゲキマイ
MeteorSnow,MAS,15,15.2,1007775,1,0,0,0,ゲキマイ
"Acid God",EXP,14,14,1009243,1,0,0,0,ORIGINAL
"Acid God",MAS,15,15.4,1006933,1,0,0,0,ORIGINAL
"Forsaken Tale",EXP,14.5,14.5,1009056,1,0,0,0,ORIGINAL
"Forsaken Tale",MAS,15.5,15.7,1001955,1,0,0,0,ORIGINAL
熱異常,MAS,14,14.2,1008450,1,0,0,0,niconico
"What's up? Pop!",EXP,14,14.1,1009959,1,1,1,0,niconico
"What's up? Pop!",MAS,15,15.3,1008362,1,0,0,0,niconico
超熊猫的周遊記（ワンダーパンダートラベラー）,MAS,14.5,14.6,1008714,1,0,0,0,ゲキマイ
M.L.V.G,MAS,14,14,1010000,1,1,1,0,POPS&ANIME
ハートサーモグラフィー,MAS,13,13,1008331,1,0,0,0,POPS&ANIME
モンダイナイトリッパー！,MAS,13,13.1,1007218,1,0,0,0,POPS&ANIME
モンダイナイトリッパー！,ULT,14,14.2,1009037,1,0,0,0,POPS&ANIME
特者生存ワンダラダー!!,MAS,13,13.2,1009987,1,1,1,0,POPS&ANIME
NAGAREBOSHI☆ROCKET,MAS,14,14.1,1009133,1,0,0,0,ゲキマイ
"On your mark (104期 Ver.)",MAS,12.5,12.8,1008985,1,0,0,0,POPS&ANIME
"On your mark (104期 Ver.)",ULT,14,14.3,1009561,1,1,0,0,POPS&ANIME
晴る,ULT,14,14.1,1009928,1,1,1,0,POPS&ANIME
ビビデバ,ULT,14,14.1,1009964,1,1,1,0,POPS&ANIME
愛包ダンスホール,ULT,14,14,1009922,1,1,1,0,POPS&ANIME
VERSE,MAS,13,13,1009976,1,1,1,0,POPS&ANIME
メズマライザー,MAS,13,13.3,1009697,1,1,0,0,niconico
メズマライザー,ULT,14.5,14.5,1009955,1,1,1,0,niconico
絶対敵対メチャキライヤー,MAS,13,13,1009520,1,1,0,0,niconico
好きな惣菜発表ドラゴン,MAS,13.5,13.6,1008644,1,1,0,0,niconico
有頂天ドリーマーズ,MAS,12.5,12.7,1009346,1,0,0,0,東方Project
inkar-usi,MAS,13,13,1009957,1,1,1,0,VARIETY
"Tie me down gently",MAS,14,14.1,1009965,1,1,1,0,VARIETY
"Ringed Genesis",MAS,14,14.4,1009146,1,0,0,0,VARIETY
Tempestissimo,MAS,15,15,1009535,1,1,0,0,VARIETY
Igallta,MAS,15,15,1009645,1,1,0,0,VARIETY
Synthesis.,MAS,15,15,1009921,1,1,1,0,VARIETY
Chronomia,MAS,14.5,14.9,1009716,1,1,0,0,VARIETY
カモンゴー！,MAS,13.5,13.8,1009959,1,1,1,0,イロドリミドリ
イルミネーション,MAS,12.5,12.7,1009326,1,0,0,0,ゲキマイ
"Ai C",MAS,14.5,14.7,1008357,1,0,0,0,ゲキマイ
"≠彡""/了→",MAS,15,15,1007780,1,0,0,0,ゲキマイ
メッちゅう殴打,MAS,14,14.2,1009712,1,1,0,0,ORIGINAL
ドリームケッチャー,MAS,12,12.3,1010000,1,1,1,0,ORIGINAL
ラブリージャッジメント,MAS,13.5,13.6,1009950,1,1,1,0,ORIGINAL
房総★ミラクル☆てんたくる!?,MAS,14,14.3,1008716,1,0,0,0,ORIGINAL
Crystallize,MAS,14,14.2,1009618,1,1,0,0,ORIGINAL
Oracle,MAS,14.5,14.8,1009978,1,1,1,0,ORIGINAL
"The Devil Incarnate",EXP,14,14.1,1009394,1,0,0,0,ORIGINAL
"The Devil Incarnate",MAS,15,15.3,1007796,1,0,0,0,ORIGINAL
"Theatore Creatore",MAS,14,14.4,1009942,1,1,1,0,ORIGINAL
"Theatore Creatore",ULT,15,15.3,1007874,1,0,0,0,ORIGINAL
ジョハリ,MAS,13,13.1,1010000,1,1,1,0,POPS&ANIME
眩耀夜行（104期Ver.）,MAS,13,13,1009993,1,1,1,0,POPS&ANIME
KNOT（104期Ver.）,MAS,13,13.1,1009984,1,1,1,0,POPS&ANIME
"アイデンティティ（104期NEW Ver.）",MAS,14,14.2,1009957,1,1,1,0,POPS&ANIME
シリウスの輝きのように,ULT,14.5,14.9,1009337,1,1,0,0,POPS&ANIME
"I Wanna",MAS,15,15.3,1008584,1,0,0,0,POPS&ANIME
革命ダンス,MAS,13,13.2,1009292,1,0,0,0,POPS&ANIME
イガク,MAS,14,14,1007453,1,0,0,0,niconico
ザムザ,MAS,13.5,13.7,1009533,1,1,0,0,niconico
激烈!!!!ファミレスガールは帰しま1000!!!!,MAS,14,14.4,1008933,1,0,0,0,ORIGINAL
"〚隔絶〛 ～Flame of Determination",MAS,14,14,1009708,1,1,0,0,ORIGINAL
"〚献身〛 ～Paradox of Choice",MAS,14.5,14.9,1009458,1,0,0,0,ORIGINAL
"〚盲従〛 ～Fantasia Sonata Flower",MAS,14.5,14.7,1009472,1,1,0,0,ORIGINAL
"〚空虚〛 ～Pyrophilia",MAS,14.5,14.8,1009547,1,1,0,0,ORIGINAL
"We don't need tears!",MAS,13.5,13.6,1009625,1,1,0,0,イロドリミドリ
あいのうた,MAS,13.5,13.6,1008145,1,0,0,0,niconico
"夜もすがら君想ふ (10th Anniv.)",MAS,13,13.1,1009676,1,1,0,0,niconico
ジェヘナ,MAS,14,14,1009901,1,1,1,0,niconico
Lostwizz,MAS,14,14,1009989,1,1,1,0,ゲキマイ
"Aether Crest: Celestial",EXP,14,14.3,1009959,1,1,1,0,ORIGINAL
"Aether Crest: Celestial",MAS,15.5,15.5,1003140,1,0,0,0,ORIGINAL
月光,MAS,14,14.2,1009950,1,1,1,0,niconico
ゆりかご,MAS,13,13.3,1009140,1,0,0,0,niconico
ひつぎとふたご,MAS,15,15,1003908,1,0,0,0,VARIETY
"Crush the Dystopia",MAS,15,15.4,1007673,1,0,0,0,ORIGINAL
人マニア,MAS,14,14.2,1009001,1,0,0,0,niconico
オーバーライド,ULT,14.5,14.5,1008267,1,0,0,0,niconico
ライアーダンサー,MAS,13,13.3,1009975,1,1,1,0,niconico
黒塗り世界宛て書簡,MAS,13.5,13.6,1010000,1,1,1,0,niconico
"本能的 Survivor",MAS,13.5,13.8,1008997,1,0,0,0,ゲキマイ
"INFiNiTE ENERZY -Overdoze-",MAS,14,14.2,1009975,1,1,1,0,VARIETY
"Nyan Cat",MAS,14,14.2,1009860,1,1,1,0,niconico
"ONLY YOUR STARS!（Trickstar Ver.）",MAS,13,13,1009987,1,1,1,0,POPS&ANIME
"BRAND NEW STARS!! (ALKALOID ver.)",EXP,10,10.1,1009992,1,1,1,0,POPS&ANIME
"One with One (Eden ver.)",MAS,13.5,13.5,1004176,1,0,0,0,POPS&ANIME
"Surprising Thanks!! (Crazy:B ver.)",MAS,13,13.2,1009960,1,1,1,0,POPS&ANIME
殺屋中毒,MAS,13.5,13.6,1009973,1,1,1,0,POPS&ANIME
ラビットホール,MAS,13.5,13.7,1009964,1,1,1,0,niconico
あいたい星人,MAS,13,13.2,1009957,1,1,1,0,niconico
ハオ,MAS,13,13.1,1009411,1,0,0,0,niconico
躯樹の墓守,MAS,15,15,1008391,1,0,0,0,ゲキマイ
旅星に渇く,MAS,14.5,14.9,1008797,1,0,0,0,ORIGINAL
ずんずんサファリ,MAS,14.5,14.8,1009385,1,1,0,0,ORIGINAL
jaQup,MAS,14,14.4,1009309,1,1,0,0,ORIGINAL
HeinousЯeaper,EXP,14,14,1009415,1,0,0,0,ORIGINAL
HeinousЯeaper,MAS,15,15.3,1007741,1,1,0,0,ORIGINAL
MegiddØ,EXP,14,14.4,1009903,1,1,1,0,ORIGINAL
MegiddØ,MAS,15.5,15.6,1006354,1,0,0,0,ORIGINAL
"We Are Us(IOSYS TRAX Remix)",MAS,14,14,1009969,1,1,1,0,イロドリミドリ
"宵の平安京 Stargazer",MAS,14.5,14.9,1008295,1,0,0,0,VARIETY
Paradoxes,MAS,12,12,1009969,1,1,1,0,POPS&ANIME
"you (Vocal)",MAS,12.5,12.5,1008593,1,0,0,0,POPS&ANIME
"Southern Cross",MAS,14.5,14.7,1008481,1,0,0,0,VARIETY
"BOUNCE & DANCE",MAS,14.5,14.5,1009934,1,1,1,0,ゲキマイ
7thSense,MAS,14.5,14.7,1009324,1,1,0,0,ゲキマイ
"Swift Swing",MAS,14.5,14.8,1008181,1,0,0,0,ゲキマイ
超最終鬼畜妹フランドール・S,MAS,15,15,1008634,1,0,0,0,東方Project
"Help me, ERINNNNNN!!",MAS,14,14.1,1009990,1,1,1,0,東方Project
"Not On The Sidelines - Street Fighter 6 Main Theme",MAS,13,13.1,1009469,1,1,0,0,VARIETY
"Black MInD",MAS,15,15,1008185,1,0,0,0,VARIETY
"It's a pit world",MAS,13,13.2,1009939,1,1,1,0,VARIETY
VOLT,MAS,13.5,13.8,1009942,1,1,1,0,VARIETY
キミとボクへの葬送歌,MAS,15,15.2,1007406,1,0,0,0,VARIETY
淵底のグレイ・ユークロニア,MAS,15,15,1008863,1,0,0,0,ゲキマイ
"Destined Marionette",MAS,14,14.4,1009964,1,1,1,0,VARIETY
"Crossmythos Rhapsodia",EXP,14.5,14.6,1009895,1,1,1,0,ORIGINAL
"Crossmythos Rhapsodia",MAS,15.5,15.7,1004240,1,0,0,0,ORIGINAL
"A c i - L",MAS,15,15,1008173,1,1,0,0,VARIETY
"Galaxy Blaster",MAS,14.5,14.6,1009492,1,0,0,0,ゲキマイ
"Campus mode!!",EXP,9.5,9.5,1009983,1,1,1,0,POPS&ANIME
"Campus mode!!",MAS,12.5,12.6,1010000,1,1,1,0,POPS&ANIME
"Fighting My Way",MAS,13.5,13.9,1009909,1,1,1,2,POPS&ANIME
ありふれたせかいせいふく,MAS,13.5,13.9,1008048,1,0,0,0,niconico
ノンブレス・オブリージュ,MAS,14,14,1009950,1,1,1,0,niconico
ももいろの鍵,MAS,13.5,13.8,1009910,1,1,1,0,niconico
新人類,MAS,13.5,13.5,1009971,1,1,1,0,niconico
リアライズ,MAS,12.5,12.9,1009993,1,1,1,2,niconico
"RE Aoharu",MAS,13,13.2,1009994,1,1,1,0,VARIETY
"Unwelcome School",MAS,13.5,13.7,1009987,1,1,1,0,VARIETY
"Unwelcome School",ULT,15,15,1009038,1,0,0,0,VARIETY
彩りキャンバス,MAS,13.5,13.6,1009990,1,1,1,0,VARIETY
TAIDADA,MAS,13,13.1,1009974,1,1,1,2,POPS&ANIME
モエチャッカファイア,MAS,12.5,12.8,1009425,1,0,0,0,POPS&ANIME
モエチャッカファイア,ULT,14.5,14.5,1009659,1,1,0,0,POPS&ANIME
はいよろこんで,MAS,12.5,12.9,1009349,1,1,0,0,POPS&ANIME
ラヴィ,MAS,13,13,1009451,1,0,0,0,niconico
ラヴィ,ULT,14,14.4,1009685,1,1,0,0,niconico
テトリス,MAS,14,14.2,1009530,1,1,0,0,niconico
モ　ミ　ア　ゲ　ヲ　シ　ャ　カ　ア　ゲ　ヲ,MAS,13,13,1007826,1,0,0,0,niconico
"最終鬼畜妹フランドール・S (Chroma Remix)",MAS,14.5,14.9,1009365,1,0,0,0,東方Project
ニルヴの心臓,EXP,13,13,1009978,1,1,1,0,VARIETY
ニルヴの心臓,MAS,15,15,1008493,1,0,0,0,VARIETY
"Individual on parade!",MAS,12.5,12.6,1010000,1,1,1,2,ゲキマイ
"Energizing Flame",MAS,14.5,14.5,1009991,1,1,1,0,ゲキマイ
Daydreama,MAS,14,14.4,1009939,1,1,1,0,ゲキマイ
χρόνος,MAS,14.5,14.8,1009965,1,1,1,0,ORIGINAL
TOXIC,EXP,11,11.3,1010000,1,1,1,0,ORIGINAL
TOXIC,MAS,14,14.3,1009953,1,1,1,0,ORIGINAL
並行天涯,MAS,15,15.2,1009400,1,0,0,0,ORIGINAL
"luminoid love PART2",MAS,14,14.2,1009956,1,1,1,0,ORIGINAL
Wing:No.6223,MAS,14,14.1,1009969,1,1,1,0,ORIGINAL
エモーション・キャプチャー,MAS,12.5,12.9,1009981,1,1,1,0,ORIGINAL
Flap&Clap,MAS,14,14,1010000,1,1,1,0,ORIGINAL
神鳴,EXP,14,14.4,1008657,1,0,0,0,ORIGINAL
神鳴,MAS,15.5,15.6,1007691,1,0,0,0,ORIGINAL
ブタサンダー,MAS,13,13.3,1009941,1,1,1,0,niconico
私の歯医者さん,MAS,13,13.2,1007629,1,0,0,0,niconico
少女A,MAS,14,14.2,1008344,1,0,0,0,niconico
"え？あぁ、そう。- 10th Anniversary Edition -",MAS,14,14,1007967,1,0,0,0,niconico
ノーライ,MAS,14.5,14.7,1008876,1,0,0,0,ORIGINAL
あの日、あの部屋で、あったこと,MAS,15,15.1,1009123,1,0,0,0,ORIGINAL
"Star Saveler",MAS,14,14.3,1009971,1,1,1,2,ORIGINAL
Tru'nembra,EXP,14,14.4,1008624,1,0,0,0,ORIGINAL
Tru'nembra,MAS,15.5,15.6,1008783,1,0,0,0,ORIGINAL
単位がない！,MAS,13.5,13.9,1009985,1,1,1,0,イロドリミドリ
アージェントシンメトリー,MAS,14,14.4,1009960,1,1,1,0,ゲキマイ
1番輝く星,MAS,12.5,12.5,1009148,1,0,0,0,POPS&ANIME
うい麦畑でつかまえて,MAS,13.5,13.5,1009982,1,1,1,0,POPS&ANIME
幽霊船戦,MAS,14.5,14.5,1009951,1,1,1,0,POPS&ANIME
オブソミート,MAS,13.5,13.5,1009986,1,1,1,0,niconico
スーパーヒーロー,MAS,12.5,12.5,1009614,1,1,0,0,niconico
カルチャ,MAS,14,14,1008568,1,0,0,0,niconico
内臓♡マニピ,MAS,14.5,14.5,1008833,1,0,0,0,ORIGINAL
"Steamed on the Beat",MAS,14,14,1007974,1,0,0,0,ORIGINAL
Challenger!!,MAS,14,14,1009056,1,0,0,0,ORIGINAL
"Everything Will Be One",EXP,13.5,13.8,1008746,1,0,0,0,ORIGINAL
"Everything Will Be One",MAS,15,15.4,1008156,1,0,0,0,ORIGINAL
Burn!!!,MAS,14,14,1009906,1,1,1,0,イロドリミドリ
スパイダーダンス,MAS,14.5,14.5,1007594,1,0,0,0,VARIETY
きゅびずむ,MAS,12.5,12.5,1009662,1,1,0,0,POPS&ANIME
きゅびびびびずむ,MAS,14.5,14.5,1009947,1,1,1,0,POPS&ANIME
ナラク・オン・エア,MAS,14,14.2,1009990,1,1,1,0,ORIGINAL
システム,MAS,13.5,13.6,1009942,1,1,1,0,ORIGINAL
恋伯色,MAS,13.5,13.8,1009703,1,1,0,0,ORIGINAL
OUTRAGE,EXP,14,14,1009985,1,1,1,0,ORIGINAL
OUTRAGE,MAS,15,15.4,1008473,1,0,0,0,ORIGINAL
ソウルのピース,MAS,13.5,13.7,1009947,1,1,1,0,イロドリミドリ
ぎゅむ！,MAS,13,13.1,1009706,1,1,0,0,POPS&ANIME
ずんだシェイキング,MAS,13.5,13.5,1009935,1,1,1,0,niconico
夢と希望,MAS,13.5,13.5,1009148,1,0,0,0,VARIETY
"Garaxy Collapse",MAS,15,15.3,1007982,1,0,0,0,東方Project
"Necromantic",MAS,13,13.0,1009671,1,1,0,0,東方Project
"Idoratrize World",MAS,14,14.1,1010000,1,1,1,0,東方Project
"Worlders",MAS,12.5,12.8,1010000,1,1,1,0,niconico
はじまりの未来,MAS,12.5,12.9,1010000,1,1,1,0,niconico
渦状銀河のシンフォニエッタ,MAS,15,15.0,1,1,0,0,ゲキマイ
"Hardsync",MAS,14.5,14.8,1007762,1,0,0,0,イロドリミドリ
しとしとと,MAS,14.5,14.7,1009969,1,1,1,0,ゲキマイ
"Warp Speed",MAS,14,14.4,1009966,1,1,1,0,ORIGINAL
"In The Straying Story",MAS,14.5,14.5,1009487,1,0,0,0,ORIGINAL
Phenomenon,MAS,14.5,14.9,1007954,1,0,0,0,ORIGINAL
輪廻玲々,MAS,15,15.4,1007711,1,0,0,0,ORIGINAL
電光刹歌,MAS,14,14.1,,,,,,niconico
トレジャーガーデン,MAS,14,14.1,,,,,,niconico
ジェットブラック,MAS,13,13.3,,,,,,niconico
ウィーアーピコピコハンマーズ!!!!,MAS,14,14.2,,,,,,niconico
最愛人生ランナー,MAS,13.5,13.5,,,,,,niconico
幾四音-Ixion-【止】,WE,0,0,987958,1,0,0,0,"WORLD'S END"
B.B.K.K.B.K.K.【戻】,WE,0,0,1009819,1,1,1,0,"WORLD'S END"
"Garakuta Doll Play (sasakure.UK clutter remix)【改】",WE,0,0,1002637,1,0,0,0,"WORLD'S END"
"FREEDOM DiVE【狂】",WE,0,0,943006,1,0,0,0,"WORLD'S END"
チルノのパーフェクトさんすう教室【避】,WE,0,0,999488,1,0,0,0,"WORLD'S END"
回レ！雪月花【速】,WE,0,0,1007998,1,0,0,0,"WORLD'S END"
"Oshama Scramble!【改】",WE,0,0,1009835,1,1,1,0,"WORLD'S END"
だんだん早くなる【時】,WE,0,0,1009035,1,0,0,0,"WORLD'S END"
"Oshama Scramble! (Cranky Remix)【？】",WE,0,0,1008353,1,0,0,0,"WORLD'S END"
今ぞ♡崇め奉れ☆オマエらよ！！～姫の秘メタル渇望～【狂】,WE,0,0,843352,0,0,0,0,"WORLD'S END"
"AMAZING MIGHTYYYY!!!!【戻】",WE,0,0,991951,1,0,0,0,"WORLD'S END"
ウソラセラ【両】,WE,0,0,948049,0,0,0,0,"WORLD'S END"
volcanic【狂】,WE,0,0,1009423,1,0,0,0,"WORLD'S END"
WARNING×WARNING×WARNING【！】,WE,0,0,984631,1,0,0,0,"WORLD'S END"
"End Time【狂】",WE,0,0,966161,1,0,0,0,"WORLD'S END"
folern【狂】,WE,0,0,1006469,1,0,0,0,"WORLD'S END"
STARTLINER【避】,WE,0,0,1007815,1,0,0,0,"WORLD'S END"
ロキ【割】,WE,0,0,987566,1,0,0,0,"WORLD'S END"
巫女みこナース・愛のテーマ【狂】,WE,0,0,1006211,1,0,0,0,"WORLD'S END"
"Nijirate Fanatics【？】",WE,0,0,981018,1,0,0,0,"WORLD'S END"
"Trackless wilderness【狂】",WE,0,0,1008977,1,0,0,0,"WORLD'S END"
Random【分C】,WE,0,0,1003476,1,0,0,0,"WORLD'S END"
Random【分D】,WE,0,0,1005500,1,0,0,0,"WORLD'S END"
Random【分E】,WE,0,0,1006415,1,0,0,0,"WORLD'S END"
Random【分F】,WE,0,0,1006152,1,0,0,0,"WORLD'S END"
まっすぐ→→→ストリーム！【狂】,WE,0,0,1009939,1,1,1,2,"WORLD'S END"
ENDYMION【招】,WE,0,0,986273,1,0,0,0,"WORLD'S END"
Revived【狂】,WE,0,0,1007591,1,0,0,0,"WORLD'S END"
モア！ジャンプ！モア！【跳】,WE,0,0,1001245,1,0,0,0,"WORLD'S END"
"ETERNAL DRAIN【狂】",WE,0,0,994963,1,0,0,0,"WORLD'S END"
セガサターン起動音[H.][Remix]【舞】,WE,0,0,969968,1,0,0,0,"WORLD'S END"
ガチ恋ラビリンス【改】,WE,0,0,1006982,1,0,0,0,"WORLD'S END"
シル・ヴ・プレジデント【敷】,WE,0,0,1009976,1,1,1,0,"WORLD'S END"
レーイレーイ【？】,WE,0,0,118373,0,0,0,0,"WORLD'S END"
Parad'ox【狂】,WE,0,0,1003285,1,0,0,0,"WORLD'S END"
"otorii INNOVATED -[i]3-【狂】",WE,0,0,620730,0,0,0,0,"WORLD'S END"
強風オールバック【戻】,WE,0,0,1005229,1,0,0,0,"WORLD'S END"
強風オールバック【避】,WE,0,0,1001461,1,0,0,0,"WORLD'S END"
マツケンサンバⅡ【狂】,WE,0,0,986424,1,0,0,0,"WORLD'S END"
Reverberate【半】,WE,0,0,1005543,1,0,0,0,"WORLD'S END"
"What's up? Pop!【招】",WE,0,0,1003366,1,0,0,0,"WORLD'S END"
おくすり飲んで寝よう【狂】,WE,0,0,984202,1,0,0,0,"WORLD'S END"
"Sunlight Starlight【蔵】",WE,0,0,1003701,1,0,0,0,"WORLD'S END"
sølips【蔵】,WE,0,0,993285,1,0,0,0,"WORLD'S END"
Reach For The Stars【速】,WE,0,0,,,,,,"WORLD'S END"
GIGA BLAST【蔵】,WE,0,0,,,,,,"WORLD'S END"
可愛くてごめん【狂】,WE,0,0,,,,,,"WORLD'S END"